Timestamp,Which course are you enrolled in?,How did you hear about County College of Morris? [CCM Web site],How did you hear about County College of Morris? [Social Media],How did you hear about County College of Morris? [Community Event],How did you hear about County College of Morris? [Family member or friend],How did you hear about County College of Morris? [Current CCM student],How did you hear about County College of Morris? [CCM Alumni],How did you hear about County College of Morris? [High School Teacher],How did you hear about County College of Morris? [High School Counselor],How did you hear about County College of Morris? [In-app advertisement],How did you hear about County College of Morris? [Employer],How did you hear about County College of Morris? [Billboard],How did you hear about County College of Morris? [Television],How did you hear about County College of Morris? [Radio],How did you hear about County College of Morris? [Other],To what extent did the following impact your decision to attend County College of Morris? [Affordable cost],To what extent did the following impact your decision to attend County College of Morris? [Location/convenience],To what extent did the following impact your decision to attend County College of Morris? [Choice of programs],To what extent did the following impact your decision to attend County College of Morris? [Online offerings],To what extent did the following impact your decision to attend County College of Morris? [Family/friend referral],To what extent did the following impact your decision to attend County College of Morris? [Faculty/staff],To what extent did the following impact your decision to attend County College of Morris? [College reputation],To what extent did the following impact your decision to attend County College of Morris? [Financial Aid],To what extent did the following impact your decision to attend County College of Morris? [Scholarships],To what extent did the following impact your decision to attend County College of Morris? [Small class sizes],To what extent did the following impact your decision to attend County College of Morris? [Extra-curricular opportunities],To what extent did the following impact your decision to attend County College of Morris? [Accepted my transfer credits],To what extent did the following impact your decision to attend County College of Morris? [Negative experience at another college],To what extent did the following impact your decision to attend County College of Morris? [NJ Stars Program],To what extent did the following impact your decision to attend County College of Morris? [Ability to transfer CCM credits to a 4-year school],To what extent did the following impact your decision to attend County College of Morris? [Get college credit while in high school],"Prior to applying to college, did you participate in any of the following events or activities at the County College of Morris and/or with the Department of Information Technologies, if at all? [Open House]","Prior to applying to college, did you participate in any of the following events or activities at the County College of Morris and/or with the Department of Information Technologies, if at all? [Instant Decision Day]","Prior to applying to college, did you participate in any of the following events or activities at the County College of Morris and/or with the Department of Information Technologies, if at all? [On-Campus Information Session]","Prior to applying to college, did you participate in any of the following events or activities at the County College of Morris and/or with the Department of Information Technologies, if at all? [Titans Tuesday (Virtual) Information Session]","Prior to applying to college, did you participate in any of the following events or activities at the County College of Morris and/or with the Department of Information Technologies, if at all? [Women Who Dare]","Prior to applying to college, did you participate in any of the following events or activities at the County College of Morris and/or with the Department of Information Technologies, if at all? [Regional College Fair]","Prior to applying to college, did you participate in any of the following events or activities at the County College of Morris and/or with the Department of Information Technologies, if at all? [HS Sharetime Information Session]","Prior to applying to college, did you participate in any of the following events or activities at the County College of Morris and/or with the Department of Information Technologies, if at all? [Challenger Program]","Prior to applying to college, did you participate in any of the following events or activities at the County College of Morris and/or with the Department of Information Technologies, if at all? [CyberSecurity Information Protection Program Participation ]","Prior to applying to college, did you participate in any of the following events or activities at the County College of Morris and/or with the Department of Information Technologies, if at all? [Information Session at my high school]","Prior to applying to college, did you participate in any of the following events or activities at the County College of Morris and/or with the Department of Information Technologies, if at all? [Campus Visit with my high school]","Prior to applying to college, did you participate in any of the following events or activities at the County College of Morris and/or with the Department of Information Technologies, if at all? [Campus Visit (individual)]","Prior to applying to college, did you participate in any of the following events or activities at the County College of Morris and/or with the Department of Information Technologies, if at all? [Workforce Development class]","Prior to applying to college, did you participate in any of the following events or activities at the County College of Morris and/or with the Department of Information Technologies, if at all? [Corporate Training]","Prior to applying to college, did you participate in any of the following events or activities at the County College of Morris and/or with the Department of Information Technologies, if at all? [Teen Arts Festival]","Prior to applying to college, did you participate in any of the following events or activities at the County College of Morris and/or with the Department of Information Technologies, if at all? [Summer camp at CCM]",To what extent did the following activities or experience impact your decision to enroll in an computing course at CCM? [Middle/High school computing class],To what extent did the following activities or experience impact your decision to enroll in an computing course at CCM? [Middle/High school computing related club],"To what extent did the following activities or experience impact your decision to enroll in an computing course at CCM? [Computing-related competitions (e.g., Robotics competition, Lego competition, Cybersecurity, Programming)]",To what extent did the following activities or experience impact your decision to enroll in an computing course at CCM? [Afterschool computing-related camp/program],To what extent did the following activities or experience impact your decision to enroll in an computing course at CCM? [Summer computing related camp/program],To what extent did the following activities or experience impact your decision to enroll in an computing course at CCM? [An AP computing class],To what extent did the following activities or experience impact your decision to enroll in an computing course at CCM? [A dual enrollment computing class],To what extent did the following activities or experience impact your decision to enroll in an computing course at CCM? [Family or friend influence],To what extent did the following activities or experience impact your decision to enroll in an computing course at CCM? [Family or friend working in the computing field],To what extent did the following activities or experience impact your decision to enroll in an computing course at CCM? [High school teacher or guidance counselor],To what extent did the following activities or experience impact your decision to enroll in an computing course at CCM? [Employer influence],To what extent did the following activities or experience impact your decision to enroll in an computing course at CCM? [Current CCM student],To what extent did the following activities or experience impact your decision to enroll in an computing course at CCM? [Experience at work],To what extent did the following activities or experience impact your decision to enroll in an computing course at CCM? [Other],What degree program are you currently enrolled in?,What motivated you to seek a computing degree/certificate at CCM?  [To get a job in the computing field],What motivated you to seek a computing degree/certificate at CCM?  [Transfer to bachelor's level program],"What motivated you to seek a computing degree/certificate at CCM?  [Transfer credits back to HS degree (ShareTime, Challenger Program)]",What motivated you to seek a computing degree/certificate at CCM?  [Career Advancement],What motivated you to seek a computing degree/certificate at CCM?  [Career Change],What motivated you to seek a computing degree/certificate at CCM?  [Professional Development],What motivated you to seek a computing degree/certificate at CCM?  [Job Displacement],What motivated you to seek a computing degree/certificate at CCM?  [Relocation],What motivated you to seek a computing degree/certificate at CCM?  [To keep current in tech industry],What motivated you to seek a computing degree/certificate at CCM?  [IT Industry Certifications],What motivated you to seek a computing degree/certificate at CCM?  [Financial],What motivated you to seek a computing degree/certificate at CCM?  [Personal Enrichment],Did you receive information about the CCM computing programs from any of the following sources? [High school guidance counselor],Did you receive information about the CCM computing programs from any of the following sources? [High School Teacher],Did you receive information about the CCM computing programs from any of the following sources? [CCM Information Technologies Website],Did you receive information about the CCM computing programs from any of the following sources? [CCM Admissions],Did you receive information about the CCM computing programs from any of the following sources? [CCM advisor/counselor],Did you receive information about the CCM computing programs from any of the following sources? [Employer],Did you receive information about the CCM computing programs from any of the following sources? [CCM Workforce Development],Did you receive information about the CCM computing programs from any of the following sources? [NJ Workforce Development Program],Did you receive information about the CCM computing programs from any of the following sources? [Other],"Was a computing major/certificate your first choice, or did you change majors from a different CCM program? If you changed majors, indicate what your first major was.","On a scale of 1 to 5, with 1 being not at all interested and 5 being extremely interested, how interested are you in taking more computing classes?",Please explain your answer to the question above.  Why or why not would you be interested in taking another computing class?,Gender,Race/ethnicity,Age 
2026/09/13 8:33:53 PM AST,CMP 130 Intro to IT,No,No,No,Yes,No,No,Yes,Yes,No,No,No,No,No,No,Some Impact,High Impact,High Impact,No Impact,High Impact,No Impact,No Impact,No Impact,Some Impact,Some Impact,No Impact,No Impact,No Impact,No Impact,Some Impact,No Impact,No,No,No,No,No,No,No,No,No,No,No,No,No,No,No,No,Some Impact,No Impact,Some Impact,No Impact,No Impact,No Impact,No Impact,Some Impact,Some Impact,Some Impact,Some Impact,No Impact,Some Impact,No Impact,Information Technology,Yes,Yes,No,Yes,No,Yes,No,No,No,Yes,Yes,Yes,Yes,Yes,No,No,No,No,No,No,No,First Choice,,,Man,White/Caucasian,18 and younger
2026/09/14 4:32:00 AM AST,CMP 130 Intro to IT,No,No,Yes,Yes,No,Yes,No,No,No,No,No,No,No,No,High Impact,High Impact,Some Impact,No Impact,No Impact,No Impact,Some Impact,High Impact,High Impact,High Impact,No Impact,N/A,N/A,N/A,High Impact,N/A,No,No,No,No,No,No,No,No,No,No,No,No,No,No,No,No,No Impact,No Impact,No Impact,No Impact,No Impact,No Impact,No Impact,No Impact,No Impact,No Impact,No Impact,No Impact,No Impact,No Impact,Information Technology,Yes,Yes,No,No,Yes,Yes,No,No,Yes,Yes,Yes,Yes,Don't recall,Don't recall,Yes,Yes,Yes,No,Yes,Yes,Don't recall,Criminal Sceince,,,Man,White/Caucasian,35-64
2026/09/14 9:45:47 AM AST,CMP 130 Intro to IT,Yes,No,Yes,Yes,No,No,Yes,Yes,No,No,No,No,No,No,High Impact,High Impact,High Impact,No Impact,High Impact,High Impact,High Impact,High Impact,High Impact,High Impact,No Impact,No Impact,No Impact,No Impact,High Impact,High Impact,Yes,Not Sure,Not Sure,Not Sure,Not Sure,Not Sure,Not Sure,Not Sure,Not Sure,Yes,Yes,Yes,Not Sure,Not Sure,Not Sure,Not Sure,High Impact,High Impact,High Impact,High Impact,High Impact,High Impact,No Impact,High Impact,No Impact,High Impact,High Impact,No Impact,No Impact,N/A,Information Technology,Yes,Yes,No,Yes,Yes,Yes,Yes,Yes,Yes,Yes,Yes,Yes,Yes,Yes,Yes,Don't recall,Don't recall,Don't recall,Don't recall,Don't recall,Don't recall,First Choice,,,Man,Multi-Racial,18 and younger
2026/09/14 9:47:56 AM AST,CMP 130 Intro to IT,No,No,No,Yes,Yes,No,No,No,No,No,No,No,No,No,Some Impact,High Impact,Some Impact,No Impact,No Impact,Some Impact,Some Impact,Some Impact,Some Impact,Some Impact,Some Impact,Some Impact,Some Impact,No Impact,Some Impact,Some Impact,No,No,No,No,No,No,No,No,No,No,No,No,No,No,No,No,High Impact,High Impact,High Impact,Some Impact,No Impact,No Impact,Some Impact,Some Impact,No Impact,No Impact,No Impact,Some Impact,No Impact,No Impact,Computer Science,Yes,Yes,No,Yes,Yes,Yes,No,No,Yes,Yes,Yes,Yes,Yes,Yes,No,Yes,Yes,No,No,No,No,Engineering,,,Man,Hispanic or Latino,21-24
2026/09/14 10:00:59 AM AST,CMP 130 Intro to IT,No,No,No,Yes,No,No,No,No,No,No,No,No,No,No,Some Impact,High Impact,Some Impact,No Impact,No Impact,Some Impact,No Impact,Some Impact,Some Impact,Some Impact,No Impact,High Impact,No Impact,Some Impact,High Impact,No Impact,No,No,No,No,No,No,No,No,No,No,No,No,No,No,No,No,High Impact,High Impact,Some Impact,Some Impact,No Impact,No Impact,No Impact,No Impact,No Impact,Some Impact,No Impact,No Impact,No Impact,No Impact,Computer Science,Yes,No,No,No,No,No,No,No,Yes,No,No,Yes,Don't recall,Don't recall,Yes,No,Yes,No,No,No,No,First Choice,,,Man,White/Caucasian,19-20
2026/09/14 10:48:57 AM AST,CMP 130 Intro to IT,Yes,No,No,Yes,Yes,Yes,Yes,Yes,No,No,No,No,No,No,High Impact,High Impact,Some Impact,High Impact,Some Impact,No Impact,Some Impact,High Impact,Some Impact,Some Impact,No Impact,Some Impact,No Impact,No Impact,Some Impact,Some Impact,No,No,Yes,No,No,No,No,No,Yes,Yes,No,Yes,No,No,No,No,Some Impact,No Impact,No Impact,No Impact,No Impact,No Impact,No Impact,No Impact,No Impact,Some Impact,No Impact,No Impact,No Impact,No Impact,Information Technology,Yes,Yes,No,Yes,Yes,Yes,No,No,No,Yes,No,No,Yes,Yes,Yes,No,No,No,No,No,No,Science,,,Man,Hispanic or Latino,21-24
2026/09/14 7:25:53 PM AST,CMP 130 Intro to IT,No,No,No,Yes,No,No,No,No,No,Yes,No,No,No,No,Some Impact,Some Impact,No Impact,High Impact,N/A,N/A,N/A,High Impact,High Impact,N/A,N/A,N/A,N/A,N/A,High Impact,N/A,No,No,No,No,No,No,No,No,No,No,No,No,No,No,No,No,N/A,N/A,Some Impact,N/A,N/A,N/A,N/A,Some Impact,Some Impact,N/A,Some Impact,N/A,Some Impact,N/A,Information Technology,Yes,Yes,No,Yes,Yes,Yes,No,No,Yes,Yes,Yes,Yes,No,No,Yes,Yes,Yes,No,Don't recall,Don't recall,Don't recall,criminal justice,,,Woman,Hispanic or Latino,21-24
2026/09/14 7:42:54 PM AST,CMP 131 Fundamentals of Programming (Python),Don't recall,Don't recall,Yes,Yes,Yes,No,Yes,No,No,No,No,No,No,Don't recall,Some Impact,Some Impact,Some Impact,High Impact,Some Impact,Some Impact,High Impact,No Impact,No Impact,No Impact,Some Impact,High Impact,No Impact,Some Impact,High Impact,No Impact,Yes,No,No,No,No,No,No,No,No,No,No,No,No,No,No,No,Some Impact,No Impact,High Impact,No Impact,No Impact,Some Impact,Some Impact,Some Impact,Some Impact,No Impact,No Impact,No Impact,No Impact,N/A,Data Analytics Certificate of Achievement,Yes,Yes,No,Yes,Yes,Yes,Yes,Yes,Yes,Yes,Yes,Yes,No,No,No,No,No,No,No,No,No,First Choice,,,Man,Multi-Racial,18 and younger
2026/09/14 7:45:09 PM AST,CMP 131 Fundamentals of Programming (Python),No,No,No,No,Yes,No,No,No,No,No,No,No,No,No,Some Impact,High Impact,Some Impact,N/A,N/A,N/A,N/A,N/A,N/A,N/A,N/A,Some Impact,N/A,N/A,Some Impact,N/A,No,No,No,No,No,No,No,No,No,No,No,No,No,No,No,No,Some Impact,N/A,N/A,N/A,N/A,N/A,N/A,Some Impact,N/A,N/A,Some Impact,High Impact,Some Impact,N/A,Nursing,,,,,,,,,,,,,,,,,,,,,,,3,"my goal is nursing but if a nursing career is created in the tech world perhaps i'd be interested 
or if i am able to minor i would minor in a computer minor ",Woman,Multi-Racial,35-64
2026/09/14 7:47:29 PM AST,CMP 131 Fundamentals of Programming (Python),No,No,Yes,Yes,Yes,Yes,Yes,Yes,No,No,No,No,No,No,N/A,N/A,N/A,N/A,N/A,N/A,Some Impact,N/A,N/A,N/A,Some Impact,High Impact,N/A,N/A,High Impact,High Impact,No,No,No,No,No,No,No,No,No,No,Yes,No,No,No,No,No,High Impact,High Impact,No Impact,No Impact,No Impact,No Impact,High Impact,High Impact,High Impact,Some Impact,No Impact,No Impact,No Impact,No Impact,dual-enrollment high school student,,,,,,,,,,,,,,,,,,,,,,,5,"I'm planning to major in a data/statistics heavy field, so I need more computing knowledge to be competitive. ",Woman,Asian,18 and younger
2026/09/14 7:53:10 PM AST,CMP 131 Fundamentals of Programming (Python),Yes,No,No,Yes,No,No,No,No,No,No,No,No,No,Yes,High Impact,High Impact,Some Impact,Some Impact,Some Impact,No Impact,No Impact,High Impact,High Impact,No Impact,No Impact,Some Impact,No Impact,No Impact,Some Impact,No Impact,No,No,No,No,No,No,No,No,No,No,No,No,No,No,No,No,High Impact,No Impact,Some Impact,No Impact,No Impact,No Impact,No Impact,Some Impact,Some Impact,Some Impact,No Impact,No Impact,No Impact,No Impact,Information Technology,Yes,Yes,No,Yes,No,Yes,No,Yes,Yes,Yes,Yes,Yes,No,No,Yes,Yes,No,No,No,No,Yes,First Choice,,,Man,White/Caucasian,25-34
2026/09/14 9:08:22 PM AST,CMP 131 Fundamentals of Programming (Python),Yes,No,No,Yes,No,No,Don't recall,Don't recall,Don't recall,No,No,No,No,No,High Impact,High Impact,High Impact,Some Impact,No Impact,No Impact,Some Impact,High Impact,High Impact,No Impact,Some Impact,Some Impact,Some Impact,No Impact,High Impact,No Impact,Yes,No,No,No,No,No,No,No,No,No,No,No,No,No,No,No,No Impact,No Impact,Some Impact,Some Impact,No Impact,No Impact,No Impact,No Impact,No Impact,No Impact,No Impact,No Impact,No Impact,No Impact,Computer Science,Yes,Yes,No,Yes,No,Yes,No,No,Yes,Yes,No,No,No,No,Yes,No,No,No,No,No,No,First Choice,,,Man,White/Caucasian,21-24
2026/09/14 11:00:58 PM AST,CMP 131 Fundamentals of Programming (Python),Yes,No,Yes,Yes,Yes,Don't recall,Don't recall,Yes,Don't recall,No,Yes,No,No,No,High Impact,High Impact,High Impact,Some Impact,Some Impact,Some Impact,High Impact,High Impact,High Impact,High Impact,High Impact,N/A,N/A,N/A,Some Impact,High Impact,Yes,Yes,Yes,No,No,Yes,No,No,Not Sure,No,No,No,No,No,No,No,No Impact,No Impact,N/A,N/A,High Impact,N/A,N/A,High Impact,High Impact,High Impact,N/A,High Impact,N/A,N/A,Information Security Certificate of Achievement,Yes,No,No,Yes,Yes,Yes,Yes,No,Yes,Yes,Yes,Yes,No,No,No,No,No,No,No,Yes,Don't recall,Science,,,Woman,White/Caucasian,25-34
2026/09/15 12:12:06 AM AST,CMP 130 Intro to IT,Yes,No,No,No,No,No,No,No,No,No,No,No,No,Yes,High Impact,High Impact,High Impact,High Impact,N/A,N/A,N/A,High Impact,N/A,N/A,N/A,N/A,N/A,N/A,High Impact,N/A,No,No,No,No,No,No,No,No,No,No,No,No,No,No,No,No,N/A,N/A,N/A,N/A,N/A,N/A,N/A,N/A,N/A,N/A,High Impact,N/A,High Impact,N/A,Information Technology,Yes,Yes,No,Yes,Yes,Yes,No,No,Yes,Yes,Yes,Yes,No,No,Yes,Yes,Yes,No,No,No,No,Health Information Management,,,Woman,Black/African American,25-34
2026/09/15 5:39:51 AM AST,CMP 131 Fundamentals of Programming (Python),Yes,No,No,Yes,Yes,Yes,No,No,No,No,No,No,No,Don't recall,High Impact,High Impact,Some Impact,Some Impact,No Impact,No Impact,Some Impact,No Impact,No Impact,No Impact,No Impact,No Impact,No Impact,No Impact,No Impact,No Impact,Yes,No,Yes,No,No,No,No,No,No,No,No,No,No,No,No,No,No Impact,No Impact,No Impact,No Impact,No Impact,No Impact,No Impact,High Impact,High Impact,No Impact,No Impact,No Impact,Some Impact,N/A,Computer Science,Yes,Yes,No,Yes,Yes,Yes,No,No,No,Yes,Yes,Yes,No,No,No,Yes,No,No,No,No,Don't recall,First Choice,,,Man,White/Caucasian,25-34
2026/09/15 9:41:05 AM AST,CMP 131 Fundamentals of Programming (Python),No,No,No,Yes,No,Yes,No,No,No,No,No,No,No,No,N/A,High Impact,High Impact,No Impact,Some Impact,High Impact,High Impact,N/A,N/A,High Impact,Some Impact,N/A,N/A,N/A,High Impact,N/A,No,No,No,No,No,No,No,No,No,No,No,No,No,No,No,No,N/A,N/A,N/A,N/A,N/A,N/A,N/A,High Impact,High Impact,N/A,N/A,N/A,N/A,N/A,Non Degree seeking,,,,,,,,,,,,,,,,,,,,,,,5,I am interested in becoming more capable with technology. I feel these days basic computer skills are necessary life skills.,Woman,Hispanic or Latino;American Indian/Native American/Alaska Native;White/Caucasian,35-64
2026/09/15 11:24:24 AM AST,CMP 128 Computer Science I,Yes,Yes,No,Yes,Yes,Yes,Yes,Yes,No,No,No,No,No,Don't recall,High Impact,High Impact,High Impact,No Impact,Some Impact,N/A,High Impact,High Impact,Some Impact,N/A,High Impact,High Impact,N/A,N/A,High Impact,N/A,Yes,No,No,No,No,No,No,No,No,No,No,Yes,No,No,No,No,High Impact,High Impact,N/A,N/A,N/A,High Impact,N/A,Some Impact,Some Impact,Some Impact,N/A,High Impact,Some Impact,N/A,Computer Science,Yes,Yes,No,Yes,No,Yes,No,No,Yes,Yes,Yes,Yes,Yes,Yes,Yes,Yes,Yes,No,No,No,Don't recall,First Choice,,,Prefer not to say,White/Caucasian,18 and younger
2026/09/15 11:24:45 AM AST,CMP 128 Computer Science I,No,No,No,No,No,No,No,No,No,No,No,No,No,Yes,Some Impact,Some Impact,High Impact,No Impact,No Impact,No Impact,No Impact,No Impact,No Impact,No Impact,No Impact,Some Impact,Some Impact,No Impact,No Impact,No Impact,No,No,No,No,No,No,No,No,No,No,No,No,No,No,No,No,No Impact,No Impact,No Impact,No Impact,No Impact,No Impact,No Impact,No Impact,No Impact,No Impact,No Impact,No Impact,No Impact,High Impact,Electronic Engineering Technology w/ Biomedical Equipment Option,,,,,,,,,,,,,,,,,,,,,,,3,"I have specific career goals and am trying to get the required work done for my program and start working. Depending what company I end up with, I may take other computing classes if it would help.",Man,White/Caucasian,25-34
2026/09/15 11:24:54 AM AST,CMP 128 Computer Science I,Yes,No,No,No,No,No,No,No,No,No,No,No,No,No,No Impact,Some Impact,No Impact,No Impact,No Impact,No Impact,No Impact,No Impact,No Impact,No Impact,No Impact,No Impact,No Impact,No Impact,Some Impact,No Impact,No,No,No,No,No,No,No,No,No,No,No,No,No,No,No,No,No Impact,No Impact,No Impact,No Impact,No Impact,No Impact,No Impact,No Impact,No Impact,No Impact,No Impact,No Impact,Some Impact,No Impact,Computer Science,Yes,Yes,No,Yes,Yes,Yes,No,No,No,No,No,Yes,No,No,Yes,No,No,No,No,No,No,First Choice,,,Woman,White/Caucasian,21-24
2026/09/15 11:24:59 AM AST,CMP 128 Computer Science I,No,No,No,Yes,Yes,No,Yes,Yes,No,No,No,No,No,No,High Impact,High Impact,Some Impact,Some Impact,High Impact,No Impact,High Impact,No Impact,No Impact,No Impact,No Impact,Some Impact,No Impact,No Impact,High Impact,No Impact,Yes,No,No,No,No,No,No,No,No,No,No,Yes,No,No,No,No,Some Impact,No Impact,Some Impact,No Impact,No Impact,Some Impact,Some Impact,Some Impact,Some Impact,No Impact,No Impact,No Impact,No Impact,No Impact,Computer Science,Yes,Yes,No,No,No,No,No,No,No,No,No,No,Yes,Yes,Don't recall,Yes,Don't recall,No,No,No,No,Engineering,,,Man,White/Caucasian,18 and younger
2026/09/15 11:25:12 AM AST,CMP 128 Computer Science I,Don't recall,Don't recall,Don't recall,Yes,Yes,Yes,Yes,Yes,No,Yes,No,No,No,No,High Impact,High Impact,Some Impact,Some Impact,Some Impact,No Impact,High Impact,High Impact,High Impact,Some Impact,Some Impact,No Impact,N/A,N/A,High Impact,No Impact,Yes,Yes,Yes,No,No,No,No,No,No,Yes,No,No,No,No,Yes,No,N/A,N/A,N/A,N/A,N/A,N/A,N/A,N/A,N/A,N/A,N/A,N/A,Some Impact,N/A,Liberal Arts,,,,,,,,,,,,,,,,,,,,,,,2,It is not really my area of interest and its confusing,Woman,White/Caucasian,19-20
2026/09/15 11:25:37 AM AST,CMP 128 Computer Science I,No,No,No,No,No,No,Yes,Yes,No,No,No,No,No,No,High Impact,High Impact,Some Impact,N/A,Some Impact,No Impact,No Impact,No Impact,High Impact,High Impact,No Impact,N/A,N/A,N/A,High Impact,N/A,Yes,Yes,No,No,No,No,No,No,No,Yes,No,No,No,No,No,No,Some Impact,N/A,N/A,N/A,N/A,Some Impact,N/A,N/A,N/A,High Impact,N/A,N/A,N/A,N/A,CIS Game Development Option,Yes,Yes,No,No,No,No,No,No,No,Yes,Yes,Yes,Yes,Yes,No,No,No,No,No,No,No,First Choice,,,Man,White/Caucasian,18 and younger
2026/09/15 11:25:46 AM AST,CMP 128 Computer Science I,No,No,No,Yes,No,Yes,No,No,No,No,No,No,No,No,High Impact,High Impact,Some Impact,No Impact,Some Impact,Some Impact,Some Impact,No Impact,No Impact,Some Impact,High Impact,N/A,N/A,N/A,High Impact,N/A,Yes,No,No,No,No,No,No,No,No,No,No,Yes,No,No,No,No,Some Impact,N/A,N/A,N/A,N/A,N/A,N/A,High Impact,Some Impact,Some Impact,N/A,N/A,N/A,N/A,Engineering Science,,,,,,,,,,,,,,,,,,,,,,,5,"I had initially been drawn to taking courses to learn coding and by recommendations from a friend in the IT track. After starting a class I realized very quickly, I enjoyed the material and wanted to learn as much as I could. It is this thought process that is and will continue to lead me to taking more computing classes.",Prefer not to say,White/Caucasian,21-24
2026/09/15 11:25:51 AM AST,CMP 128 Computer Science I,No,No,Yes,No,No,No,Yes,Yes,No,No,No,No,No,No,High Impact,High Impact,Some Impact,No Impact,No Impact,Some Impact,High Impact,High Impact,High Impact,High Impact,Some Impact,No Impact,No Impact,High Impact,High Impact,Some Impact,No,No,No,No,No,No,No,No,No,No,No,No,No,No,No,No,High Impact,Some Impact,No Impact,No Impact,No Impact,No Impact,No Impact,High Impact,High Impact,No Impact,No Impact,No Impact,No Impact,No Impact,Computer Science,Yes,Yes,No,No,No,Yes,No,No,No,Yes,No,Yes,Yes,Yes,No,Yes,Yes,No,No,No,No,Science,,,Man,Hispanic or Latino,19-20
2026/09/15 11:25:53 AM AST,CMP 128 Computer Science I,Yes,Yes,Yes,Yes,Yes,No,Yes,Yes,No,No,No,No,No,Don't recall,Some Impact,High Impact,Some Impact,No Impact,Some Impact,Some Impact,Some Impact,Some Impact,No Impact,No Impact,Some Impact,No Impact,No Impact,No Impact,Some Impact,No Impact,No,No,No,No,No,No,No,No,No,Yes,No,No,No,No,No,No,High Impact,No Impact,Some Impact,No Impact,No Impact,Some Impact,No Impact,Some Impact,Some Impact,Some Impact,No Impact,Some Impact,No Impact,No Impact,"Technical Studies, Applied Associate of Science",No,Yes,No,Yes,No,Yes,No,No,Yes,No,Yes,Yes,Yes,Yes,Yes,Don't recall,Don't recall,No,No,No,Don't recall,Engineering,,,Man,White/Caucasian,19-20
2026/09/15 11:25:57 AM AST,CMP 128 Computer Science I,Yes,No,No,No,Yes,No,No,No,No,No,No,No,No,No,Some Impact,High Impact,No Impact,No Impact,No Impact,No Impact,No Impact,No Impact,No Impact,No Impact,No Impact,Some Impact,High Impact,No Impact,High Impact,No Impact,No,No,No,No,No,No,No,No,No,No,No,No,No,No,No,No,Some Impact,No Impact,No Impact,No Impact,No Impact,Some Impact,No Impact,No Impact,No Impact,No Impact,No Impact,No Impact,No Impact,No Impact,Non Degree seeking,,,,,,,,,,,,,,,,,,,,,,,3,I like computing classes but it's not what I want to do so I would take computing classes for my own enjoyment and betterment.,Man,White/Caucasian,21-24
2026/09/15 11:26:13 AM AST,CMP 128 Computer Science I,No,No,No,Yes,Yes,Don't recall,Yes,Yes,No,No,No,No,No,No,High Impact,High Impact,Some Impact,Some Impact,N/A,No Impact,Some Impact,Some Impact,No Impact,High Impact,No Impact,Some Impact,No Impact,No Impact,Some Impact,No Impact,No,No,No,No,No,No,No,No,No,No,No,Yes,No,No,No,No,No Impact,No Impact,No Impact,No Impact,No Impact,No Impact,No Impact,No Impact,No Impact,No Impact,No Impact,No Impact,Some Impact,Some Impact,Nursing,,,,,,,,,,,,,,,,,,,,,,,3,"I'm a nursing major, and yes this course is useful especially with things becoming more computer related, but I don't really show any interest in this.",Woman,White/Caucasian,19-20
2026/09/15 11:26:33 AM AST,CMP 128 Computer Science I,No,No,No,No,Yes,No,No,No,No,No,No,No,No,No,High Impact,High Impact,High Impact,High Impact,No Impact,No Impact,No Impact,High Impact,No Impact,High Impact,High Impact,No Impact,No Impact,No Impact,High Impact,No Impact,No,No,No,No,No,No,No,No,No,No,No,No,No,No,No,No,No Impact,No Impact,No Impact,No Impact,No Impact,No Impact,No Impact,High Impact,High Impact,No Impact,No Impact,No Impact,No Impact,No Impact,Computer Science,Yes,Yes,No,No,Yes,Yes,Yes,No,No,Yes,Yes,Yes,No,No,No,No,No,No,No,No,No,First Choice,,,Woman,Hispanic or Latino,21-24
2026/09/15 11:26:47 AM AST,CMP 128 Computer Science I,Yes,No,No,Yes,Yes,Yes,Yes,Yes,No,No,No,No,No,Don't recall,High Impact,High Impact,High Impact,Some Impact,Some Impact,Some Impact,High Impact,No Impact,Some Impact,Some Impact,Some Impact,No Impact,No Impact,No Impact,High Impact,No Impact,No,No,No,No,No,No,No,No,No,No,No,No,No,No,No,No,No Impact,No Impact,No Impact,No Impact,No Impact,No Impact,No Impact,Some Impact,No Impact,No Impact,No Impact,No Impact,High Impact,N/A,Biotechnology,,,,,,,,,,,,,,,,,,,,,,,3,I believe a strong knowledge of technology is required to be successful in the future.,Man,White/Caucasian,19-20
2026/09/15 11:27:18 AM AST,CMP 128 Computer Science I,No,No,No,No,No,No,Yes,Yes,No,No,No,No,No,No,N/A,High Impact,High Impact,High Impact,High Impact,Some Impact,Some Impact,High Impact,High Impact,N/A,N/A,N/A,N/A,High Impact,High Impact,N/A,Yes,No,Yes,No,No,No,No,No,No,No,Yes,No,No,No,No,No,Some Impact,No Impact,No Impact,No Impact,No Impact,No Impact,No Impact,Some Impact,Some Impact,No Impact,Some Impact,No Impact,No Impact,No Impact,Information Technology,Yes,No,No,No,No,No,No,No,No,No,No,No,No,No,No,Yes,Yes,No,No,No,No,First Choice,,,Man,Black/African American,19-20
2026/09/15 11:27:58 AM AST,CMP 128 Computer Science I,No,No,Yes,No,Yes,No,Yes,Yes,No,No,No,No,No,No,High Impact,High Impact,High Impact,High Impact,No Impact,Some Impact,No Impact,No Impact,Some Impact,High Impact,High Impact,No Impact,No Impact,No Impact,High Impact,No Impact,Yes,No,Yes,Yes,No,No,No,No,No,Yes,No,Yes,No,No,No,No,High Impact,No Impact,No Impact,No Impact,No Impact,No Impact,No Impact,High Impact,No Impact,High Impact,No Impact,No Impact,No Impact,No Impact,Computer Science,Yes,Yes,No,Yes,No,Yes,No,No,Yes,Yes,No,No,Yes,Yes,No,No,No,No,No,No,No,First Choice,,,Man,Black/African American,18 and younger
2026/09/15 11:30:41 AM AST,CMP 128 Computer Science I,No,Yes,No,Yes,No,No,No,Yes,Don't recall,Don't recall,Don't recall,Don't recall,Don't recall,Don't recall,Some Impact,No Impact,High Impact,N/A,N/A,N/A,N/A,Some Impact,N/A,N/A,N/A,Some Impact,N/A,N/A,High Impact,N/A,No,No,No,No,No,No,No,No,No,No,No,No,No,No,No,No,Some Impact,N/A,N/A,N/A,N/A,N/A,N/A,N/A,N/A,N/A,N/A,N/A,N/A,N/A,Business,,,,,,,,,,,,,,,,,,,,,,,3,"I had taken a computing class in high school and that was the only class I failed because I missed 1 day, and then everything stopped making sense. The reason I chose 3 is because of how I feel at the end of the course, and If I understand and able to code.",Man,Hispanic or Latino,18 and younger
2026/09/15 11:33:29 AM AST,CMP 128 Computer Science I,No,No,No,Yes,No,Yes,No,No,No,No,Yes,No,No,Don't recall,High Impact,High Impact,High Impact,Some Impact,High Impact,Some Impact,High Impact,High Impact,No Impact,Some Impact,No Impact,No Impact,No Impact,No Impact,High Impact,No Impact,No,No,No,No,No,No,No,No,No,No,No,No,No,No,No,No,No Impact,No Impact,No Impact,No Impact,No Impact,No Impact,No Impact,High Impact,No Impact,No Impact,No Impact,No Impact,No Impact,No Impact,business admin,,,,,,,,,,,,,,,,,,,,,,,2,im not good at it and not interested in becoming good,Woman,Asian,18 and younger
2026/09/15 11:50:53 AM AST,CMP 131 Fundamentals of Programming (Python),Yes,No,No,No,No,No,Yes,No,No,No,No,No,No,No,High Impact,High Impact,No Impact,High Impact,No Impact,No Impact,High Impact,High Impact,No Impact,High Impact,No Impact,No Impact,No Impact,No Impact,No Impact,No Impact,No,No,No,No,No,No,No,No,No,No,No,No,No,No,No,No,Some Impact,No Impact,No Impact,No Impact,No Impact,No Impact,No Impact,High Impact,High Impact,No Impact,No Impact,No Impact,Some Impact,No Impact,Information Technology,Yes,No,No,Yes,Yes,Yes,Yes,Yes,Yes,Yes,Yes,Yes,No,No,Yes,No,Yes,No,No,No,No,Radiography ,,,Woman,Hispanic or Latino,21-24
2026/09/15 1:19:18 PM AST,CMP 130 Intro to IT,No,No,No,Yes,No,No,No,No,No,No,No,No,No,No,High Impact,High Impact,Some Impact,High Impact,No Impact,No Impact,No Impact,High Impact,No Impact,Some Impact,No Impact,No Impact,No Impact,No Impact,No Impact,No Impact,No,No,No,No,No,No,No,No,No,No,No,Yes,No,No,No,No,No Impact,No Impact,No Impact,No Impact,No Impact,No Impact,No Impact,High Impact,No Impact,No Impact,No Impact,No Impact,No Impact,No Impact,Information Technology,Yes,No,No,Yes,Yes,Yes,No,Yes,Yes,Yes,Yes,Yes,No,No,No,No,No,No,No,No,No,Mathematics,,,Woman,White/Caucasian,21-24
2026/09/15 2:09:08 PM AST,CMP 131 Fundamentals of Programming (Python),Yes,No,No,No,No,No,No,No,No,No,No,No,No,No,High Impact,High Impact,Some Impact,No Impact,No Impact,No Impact,Some Impact,Some Impact,Some Impact,No Impact,No Impact,No Impact,No Impact,No Impact,High Impact,No Impact,No,No,No,No,No,No,No,No,No,No,No,Yes,No,No,No,No,No Impact,No Impact,No Impact,No Impact,No Impact,No Impact,No Impact,No Impact,No Impact,No Impact,No Impact,No Impact,No Impact,Some Impact,Chemistry,,,,,,,,,,,,,,,,,,,,,,,4,"I am interested in taking it a step further from learning the basics of Programming and applying it to AI and software engineering. Although, my major is chemistry, I want to be able to integrate programming into chemistry.",Man,Asian,19-20
2026/09/15 2:30:08 PM AST,CMP 131 Fundamentals of Programming (Python),No,No,No,No,No,No,No,Yes,No,No,No,No,No,No,High Impact,High Impact,High Impact,N/A,N/A,N/A,N/A,High Impact,High Impact,High Impact,High Impact,High Impact,N/A,N/A,High Impact,High Impact,No,No,No,No,No,No,No,Yes,No,No,No,No,No,No,No,No,Some Impact,High Impact,No Impact,No Impact,No Impact,No Impact,No Impact,No Impact,Some Impact,Some Impact,Some Impact,No Impact,High Impact,No Impact,Challenger Program,No,No,No,Yes,No,Yes,No,No,No,Yes,No,Yes,No,No,No,Yes,Yes,No,No,No,No,Engineering,,,Man,Black/African American,18 and younger
2026/09/15 2:30:54 PM AST,CMP 131 Fundamentals of Programming (Python),Yes,No,No,No,Yes,No,No,No,No,No,No,No,No,No,High Impact,No Impact,High Impact,No Impact,No Impact,No Impact,High Impact,High Impact,High Impact,No Impact,Some Impact,High Impact,N/A,High Impact,High Impact,High Impact,No,No,No,No,No,No,No,No,No,No,No,No,No,No,No,No,N/A,N/A,Some Impact,N/A,N/A,Some Impact,Some Impact,N/A,N/A,N/A,N/A,N/A,N/A,N/A,Data Science,,,,,,,,,,,,,,,,,,,,,,,5,I can enjoy this stuff more than others!,Man,Black/African American,18 and younger
2026/09/15 2:33:34 PM AST,CMP 131 Fundamentals of Programming (Python),Yes,Yes,Don't recall,Yes,Don't recall,Yes,Don't recall,Don't recall,Yes,Don't recall,Don't recall,Don't recall,Don't recall,Yes,High Impact,High Impact,High Impact,High Impact,Some Impact,N/A,High Impact,High Impact,High Impact,Some Impact,High Impact,N/A,No Impact,Some Impact,High Impact,N/A,No,No,No,No,No,No,No,No,No,No,No,No,No,No,No,No,N/A,N/A,N/A,N/A,N/A,N/A,N/A,N/A,N/A,N/A,N/A,Some Impact,N/A,N/A,Biology,,,,,,,,,,,,,,,,,,,,,,,4,"I love using computers, they are a part of everyday life for most.",Man,Hispanic or Latino,25-34
2026/09/15 2:38:20 PM AST,CMP 131 Fundamentals of Programming (Python),Yes,No,No,No,No,No,No,No,No,No,No,No,No,No,No Impact,Some Impact,Some Impact,Some Impact,No Impact,No Impact,Some Impact,No Impact,Some Impact,Some Impact,Some Impact,Some Impact,No Impact,No Impact,High Impact,No Impact,Yes,Yes,No,No,No,No,No,No,No,No,No,No,No,No,No,No,High Impact,No Impact,No Impact,No Impact,No Impact,No Impact,No Impact,Some Impact,Some Impact,No Impact,No Impact,No Impact,No Impact,No Impact,Information Technology,Yes,Yes,No,Yes,No,Yes,No,No,No,No,No,No,No,No,No,No,No,No,No,No,No,First Choice,,,Man,White/Caucasian,18 and younger
2026/09/15 6:00:49 PM AST,CMP 131 Fundamentals of Programming (Python),Yes,No,No,No,No,No,Yes,Yes,No,No,No,No,No,Yes,High Impact,High Impact,Some Impact,No Impact,Some Impact,Some Impact,High Impact,Some Impact,High Impact,High Impact,Some Impact,N/A,N/A,High Impact,High Impact,N/A,Yes,No,Not Sure,No,No,Not Sure,No,No,Not Sure,Yes,Yes,No,No,No,No,No,Some Impact,High Impact,No Impact,No Impact,No Impact,No Impact,No Impact,Some Impact,No Impact,Some Impact,No Impact,No Impact,No Impact,High Impact,Computer Science,Yes,Yes,No,No,No,No,No,No,No,No,Yes,Yes,Yes,No,Yes,Yes,Yes,No,No,No,No,First Choice,,,Man,White/Caucasian,18 and younger
2026/09/15 6:13:39 PM AST,CMP 128 Computer Science I,Yes,Yes,Yes,No,No,No,No,No,No,No,No,No,No,No,N/A,Some Impact,High Impact,Some Impact,N/A,N/A,N/A,N/A,N/A,High Impact,N/A,N/A,N/A,N/A,N/A,N/A,No,No,Not Sure,Yes,Not Sure,Not Sure,Not Sure,Not Sure,Not Sure,Not Sure,Not Sure,Not Sure,Not Sure,Not Sure,Not Sure,Not Sure,N/A,N/A,N/A,N/A,N/A,N/A,N/A,N/A,N/A,N/A,N/A,N/A,N/A,N/A,Information Technology,No,No,No,Yes,No,Yes,No,No,Yes,No,No,No,No,No,Yes,Yes,Yes,No,No,No,No,First Choice,,,Man,Black/African American,35-64
2026/09/15 6:23:23 PM AST,CMP 130 Intro to IT,No,No,No,Yes,No,Yes,No,No,No,No,No,No,No,No,No Impact,High Impact,Some Impact,Some Impact,Some Impact,No Impact,No Impact,High Impact,No Impact,No Impact,No Impact,No Impact,No Impact,No Impact,No Impact,No Impact,No,No,No,No,No,No,No,No,No,No,No,No,No,No,No,No,No Impact,No Impact,No Impact,No Impact,No Impact,No Impact,No Impact,Some Impact,Some Impact,No Impact,No Impact,No Impact,No Impact,No Impact,Information Technology,Yes,No,No,No,Yes,Yes,No,No,No,No,No,No,No,No,No,No,No,No,No,No,No,First Choice,,,Man,White/Caucasian,25-34
2026/09/15 6:58:39 PM AST,CMP 128 Computer Science I,No,No,No,Yes,No,No,No,No,No,No,No,No,No,No,Some Impact,High Impact,High Impact,Some Impact,No Impact,No Impact,No Impact,No Impact,No Impact,No Impact,No Impact,No Impact,No Impact,No Impact,No Impact,No Impact,No,No,No,No,No,No,No,No,No,No,No,No,No,No,No,No,No Impact,No Impact,No Impact,No Impact,No Impact,No Impact,No Impact,No Impact,No Impact,No Impact,No Impact,No Impact,No Impact,No Impact,Information Security Certificate of Achievement,Yes,Yes,No,Yes,Yes,Yes,No,No,Yes,Yes,No,No,No,No,Yes,No,No,No,No,No,No,First Choice,,,Man,Hispanic or Latino,25-34
2026/09/15 8:03:42 PM AST,CMP 128 Computer Science I,Yes,No,No,Yes,No,No,No,No,No,No,No,No,No,No,High Impact,High Impact,High Impact,Some Impact,No Impact,No Impact,Some Impact,High Impact,High Impact,No Impact,Some Impact,No Impact,No Impact,No Impact,No Impact,No Impact,Yes,No,No,No,No,No,No,No,No,No,No,No,No,No,No,No,No Impact,No Impact,No Impact,No Impact,No Impact,No Impact,No Impact,Some Impact,No Impact,No Impact,No Impact,No Impact,Some Impact,No Impact,Computer Science,Yes,Yes,No,Yes,No,Yes,No,No,Yes,Yes,Yes,Yes,No,No,No,No,Yes,No,Yes,No,No,First Choice,,,Man,White/Caucasian,21-24
2026/09/15 8:04:54 PM AST,CMP 128 Computer Science I,No,No,No,Yes,No,No,No,No,No,No,No,No,No,No,N/A,N/A,N/A,N/A,N/A,N/A,No Impact,N/A,N/A,N/A,N/A,N/A,N/A,N/A,No Impact,N/A,No,No,No,No,No,No,No,No,No,No,No,Yes,No,No,No,No,High Impact,N/A,N/A,N/A,N/A,N/A,N/A,N/A,N/A,N/A,N/A,N/A,N/A,N/A,Computer Science,Yes,Yes,No,Yes,No,Yes,No,No,Yes,No,Yes,Yes,Don't recall,Don't recall,Don't recall,Don't recall,Don't recall,Don't recall,Don't recall,Don't recall,Yes,First Choice,,,Man,White/Caucasian,19-20
2026/09/15 8:05:01 PM AST,CMP 128 Computer Science I,No,No,No,Yes,No,No,No,No,No,No,No,No,No,No,Some Impact,High Impact,Some Impact,No Impact,High Impact,No Impact,Some Impact,No Impact,No Impact,No Impact,No Impact,No Impact,No Impact,No Impact,No Impact,No Impact,No,No,No,No,No,No,No,No,No,No,No,Yes,No,No,No,No,High Impact,No Impact,Some Impact,No Impact,No Impact,No Impact,No Impact,High Impact,Some Impact,Some Impact,No Impact,No Impact,No Impact,No Impact,Computer Science,Yes,No,No,No,No,Yes,Yes,No,No,No,No,Yes,No,No,Yes,No,Yes,No,Yes,Yes,No,Engineering,,,Man,White/Caucasian,21-24
2026/09/15 8:05:05 PM AST,CMP 128 Computer Science I,Yes,Yes,Yes,Yes,No,No,Yes,Yes,No,No,No,No,No,No,High Impact,High Impact,Some Impact,High Impact,No Impact,No Impact,Some Impact,High Impact,No Impact,Some Impact,No Impact,N/A,N/A,N/A,High Impact,N/A,No,Yes,Yes,Yes,No,No,No,No,Yes,Yes,Yes,Yes,No,No,Yes,No,Some Impact,High Impact,Some Impact,Some Impact,No Impact,High Impact,Some Impact,High Impact,Some Impact,No Impact,Some Impact,High Impact,Some Impact,Some Impact,Computer Science,Yes,Yes,No,Yes,Yes,Yes,No,No,Yes,Yes,Yes,Yes,Yes,Yes,Yes,Yes,Yes,No,Don't recall,Don't recall,Don't recall,Engineering,,,Man,Asian,19-20
2026/09/15 8:05:22 PM AST,CMP 128 Computer Science I,Yes,No,No,No,Yes,No,No,No,No,No,No,No,No,Yes,High Impact,High Impact,Some Impact,Some Impact,No Impact,No Impact,Some Impact,Some Impact,Some Impact,Some Impact,Some Impact,Some Impact,Some Impact,Some Impact,Some Impact,Some Impact,No,No,No,No,No,No,No,No,No,No,No,No,No,No,No,No,No Impact,No Impact,No Impact,No Impact,No Impact,No Impact,No Impact,No Impact,No Impact,No Impact,Some Impact,No Impact,High Impact,N/A,Computer Science,No,No,No,Yes,No,Yes,No,No,No,No,No,Yes,No,No,No,Yes,Yes,No,No,No,No,First Choice,,,Man,Hispanic or Latino,35-64
2026/09/15 8:06:06 PM AST,CMP 128 Computer Science I,Yes,No,Yes,No,No,No,Yes,No,No,No,No,No,No,No,High Impact,No Impact,High Impact,N/A,N/A,N/A,N/A,N/A,N/A,N/A,N/A,N/A,N/A,N/A,High Impact,No Impact,Yes,No,No,No,No,No,No,No,No,No,Yes,No,No,No,No,No,No Impact,No Impact,No Impact,No Impact,No Impact,No Impact,No Impact,No Impact,No Impact,No Impact,No Impact,No Impact,No Impact,No Impact,Mechanical Engineering Technology,,,,,,,,,,,,,,,,,,,,,,,3,"im interested and i like the professor and accessibility of the mterial, its just not my main field, but a requirement.",Prefer not to say,Choose not to reply,19-20
2026/09/15 8:06:16 PM AST,CMP 128 Computer Science I,Yes,Yes,Yes,Yes,Yes,Yes,Yes,Yes,Yes,No,Don't recall,Don't recall,Don't recall,No,High Impact,High Impact,High Impact,High Impact,High Impact,High Impact,High Impact,High Impact,High Impact,High Impact,High Impact,High Impact,N/A,N/A,High Impact,N/A,Yes,No,No,No,No,No,No,No,No,Yes,Yes,No,No,No,No,No,High Impact,N/A,N/A,N/A,N/A,N/A,N/A,High Impact,N/A,N/A,N/A,N/A,N/A,N/A,Mechanical Engineering,,,,,,,,,,,,,,,,,,,,,,,4,"I love knowing how all the coding in computing things works, but it's also a lot of information all at once which makes it a little challenging but I would want to contiue",Non-binary,Hispanic or Latino;White/Caucasian,19-20
2026/09/15 8:06:34 PM AST,CMP 128 Computer Science I,Yes,Don't recall,Don't recall,Don't recall,Don't recall,Don't recall,Don't recall,Don't recall,Don't recall,Don't recall,Don't recall,Don't recall,Don't recall,Don't recall,High Impact,High Impact,High Impact,High Impact,High Impact,High Impact,High Impact,High Impact,High Impact,High Impact,High Impact,High Impact,High Impact,High Impact,High Impact,High Impact,No,No,No,No,No,No,No,No,No,No,No,No,No,No,No,No,No Impact,No Impact,No Impact,No Impact,No Impact,No Impact,No Impact,No Impact,No Impact,No Impact,No Impact,High Impact,No Impact,No Impact,Computer Science,Yes,Yes,No,Yes,Yes,No,Yes,No,Yes,Yes,Yes,Yes,No,No,No,No,No,No,No,No,No,Engineering,,,Man,Black/African American,25-34
2026/09/15 8:07:35 PM AST,CMP 128 Computer Science I,Yes,Don't recall,Don't recall,Yes,Yes,Yes,Yes,Yes,No,No,No,No,No,Yes,High Impact,High Impact,High Impact,Some Impact,High Impact,High Impact,High Impact,High Impact,High Impact,High Impact,Some Impact,High Impact,N/A,N/A,High Impact,N/A,No,No,No,No,No,No,No,No,No,No,No,No,No,No,No,No,High Impact,High Impact,High Impact,High Impact,High Impact,High Impact,No Impact,High Impact,High Impact,High Impact,No Impact,High Impact,High Impact,N/A,Information Technology,Yes,Yes,No,Yes,No,Yes,No,No,Yes,Yes,Yes,Yes,Don't recall,Don't recall,Don't recall,Don't recall,Don't recall,Don't recall,Don't recall,Don't recall,Yes,First Choice,,,Man,Black/African American,19-20
2026/09/15 8:07:37 PM AST,CMP 128 Computer Science I,Don't recall,Don't recall,Don't recall,Yes,Yes,Yes,Don't recall,Don't recall,Don't recall,Don't recall,Don't recall,Don't recall,Don't recall,Don't recall,Some Impact,Some Impact,No Impact,No Impact,High Impact,High Impact,High Impact,Some Impact,Some Impact,No Impact,No Impact,No Impact,No Impact,No Impact,High Impact,No Impact,Yes,Yes,Yes,No,No,No,No,No,No,No,No,No,No,No,No,No,High Impact,No Impact,No Impact,No Impact,No Impact,No Impact,No Impact,High Impact,Some Impact,No Impact,High Impact,High Impact,High Impact,No Impact,Computer Science,Yes,No,No,Yes,Yes,Yes,No,No,No,No,No,Yes,No,Yes,No,No,Yes,No,No,No,No,First Choice,,,Man,Hispanic or Latino,19-20
2026/09/15 8:14:47 PM AST,CMP 130 Intro to IT,Don't recall,Don't recall,Don't recall,Yes,Yes,Don't recall,Yes,Yes,Don't recall,Don't recall,Don't recall,Don't recall,Don't recall,Don't recall,High Impact,Some Impact,Some Impact,No Impact,High Impact,High Impact,No Impact,No Impact,No Impact,No Impact,No Impact,No Impact,No Impact,No Impact,Some Impact,No Impact,No,No,No,No,No,No,No,No,No,No,No,No,No,No,No,No,No Impact,No Impact,No Impact,No Impact,No Impact,No Impact,No Impact,High Impact,No Impact,High Impact,No Impact,No Impact,No Impact,No Impact,Information Technology,Yes,No,No,Yes,No,No,No,No,Yes,Yes,No,No,Yes,Yes,No,No,No,No,No,No,No,First Choice,,,Man,White/Caucasian,18 and younger
2026/09/15 10:00:34 PM AST,CMP 131 Fundamentals of Programming (Python),Yes,No,No,Yes,Yes,Yes,Yes,Yes,No,No,No,No,No,No,No Impact,No Impact,No Impact,No Impact,No Impact,No Impact,High Impact,No Impact,No Impact,No Impact,No Impact,No Impact,No Impact,No Impact,No Impact,No Impact,No,No,No,No,No,No,No,No,No,No,No,Yes,No,No,No,No,Some Impact,No Impact,Some Impact,Some Impact,No Impact,No Impact,No Impact,High Impact,High Impact,No Impact,No Impact,No Impact,No Impact,No Impact,Data Analytics Certificate of Achievement,Yes,No,No,Yes,No,Yes,No,No,Yes,Yes,Yes,No,No,No,No,No,No,No,No,No,No,First Choice,,,Man,Hispanic or Latino;White/Caucasian,19-20
2026/09/15 10:38:15 PM AST,CMP 128 Computer Science I,Yes,No,No,Yes,Yes,No,Yes,Yes,No,No,No,No,No,No,High Impact,High Impact,High Impact,High Impact,Some Impact,Some Impact,No Impact,No Impact,No Impact,No Impact,No Impact,Some Impact,No Impact,No Impact,Some Impact,No Impact,No,No,No,No,No,No,No,No,No,No,No,No,No,No,No,No,Some Impact,No Impact,No Impact,No Impact,No Impact,No Impact,No Impact,Some Impact,Some Impact,Some Impact,No Impact,No Impact,No Impact,No Impact,Computer Science,Yes,Yes,No,Yes,No,No,No,No,No,Yes,No,Yes,Yes,Yes,Yes,No,No,No,No,No,No,"I started as a business major, then changed to a computing major.",,,Man,Hispanic or Latino;Black/African American,21-24
2026/09/16 9:31:46 AM AST,CMP 131 Fundamentals of Programming (Python),No,No,No,Yes,No,No,Yes,No,No,No,No,No,No,No,Some Impact,Some Impact,High Impact,Some Impact,N/A,High Impact,No Impact,N/A,N/A,High Impact,N/A,N/A,N/A,N/A,N/A,N/A,Yes,No,Yes,No,Not Sure,Not Sure,No,Not Sure,Not Sure,No,Yes,No,No,No,No,No,Some Impact,N/A,N/A,N/A,N/A,N/A,N/A,Some Impact,Some Impact,N/A,N/A,High Impact,Some Impact,N/A,Computer Science,Yes,Yes,No,No,No,No,No,No,No,No,Yes,No,No,No,Yes,No,No,No,No,No,No,LIberal Arts,,,Woman,White/Caucasian,19-20
2026/09/16 9:56:08 AM AST,CMP 131 Fundamentals of Programming (Python),Yes,Yes,No,Yes,No,No,Yes,Yes,No,No,No,No,No,No,High Impact,High Impact,Some Impact,No Impact,Some Impact,Some Impact,Some Impact,No Impact,No Impact,No Impact,No Impact,Some Impact,No Impact,No Impact,Some Impact,No Impact,No,No,No,No,No,No,No,No,No,No,No,No,No,No,No,No,Some Impact,No Impact,No Impact,No Impact,No Impact,No Impact,No Impact,Some Impact,Some Impact,No Impact,No Impact,No Impact,No Impact,No Impact,Mechanical engineering ,,,,,,,,,,,,,,,,,,,,,,,2,"I do not connect with computer well, the class is hard and I feel like i do not get much help.",Man,Hispanic or Latino,18 and younger
2026/09/16 9:57:39 AM AST,CMP 131 Fundamentals of Programming (Python),No,No,No,No,Yes,No,Yes,Yes,No,No,No,No,No,No,High Impact,High Impact,Some Impact,No Impact,Some Impact,No Impact,Some Impact,High Impact,Some Impact,No Impact,Some Impact,N/A,N/A,N/A,High Impact,N/A,No,No,No,No,No,No,No,No,No,No,No,No,No,No,No,No,Some Impact,N/A,N/A,N/A,N/A,N/A,N/A,Some Impact,N/A,Some Impact,N/A,N/A,N/A,N/A,Electrical Engineering ,,,,,,,,,,,,,,,,,,,,,,,3,I want to learn more and see how much I truly like it. ,Man,Hispanic or Latino,19-20
2026/09/16 9:57:40 AM AST,CMP 131 Fundamentals of Programming (Python),No,Yes,No,Yes,Yes,No,No,No,No,No,No,No,No,No,High Impact,High Impact,High Impact,No Impact,Some Impact,Some Impact,Some Impact,High Impact,High Impact,No Impact,Some Impact,No Impact,No Impact,No Impact,High Impact,No Impact,No,No,No,No,No,No,No,No,No,No,No,No,No,No,No,No,No Impact,No Impact,High Impact,No Impact,No Impact,No Impact,No Impact,Some Impact,Some Impact,No Impact,No Impact,Some Impact,No Impact,No Impact,Mechanical Engineering ,,,,,,,,,,,,,,,,,,,,,,,3,"It seems like a lot when being explained to, but it is interesting and goes way deeper than I thought. ",Man,Multi-Racial,19-20
2026/09/16 9:58:58 AM AST,CMP 131 Fundamentals of Programming (Python),No,No,No,No,No,No,Yes,No,No,No,No,No,No,No,Some Impact,High Impact,Some Impact,Some Impact,N/A,N/A,N/A,High Impact,High Impact,Some Impact,N/A,High Impact,N/A,N/A,High Impact,N/A,Not Sure,Not Sure,Not Sure,No,Not Sure,Not Sure,Not Sure,Not Sure,Not Sure,Not Sure,Not Sure,Not Sure,Not Sure,Not Sure,Not Sure,Not Sure,N/A,N/A,N/A,N/A,N/A,N/A,N/A,N/A,N/A,N/A,N/A,N/A,N/A,N/A,Mechanical engineer technology,,,,,,,,,,,,,,,,,,,,,,,2,I find it difficult to understand the topic and keep track of the new codes we learn,Man,Hispanic or Latino,18 and younger
2026/09/16 9:59:01 AM AST,CMP 131 Fundamentals of Programming (Python),No,No,No,Yes,Yes,No,Yes,Yes,No,No,No,No,No,No,High Impact,Some Impact,High Impact,Some Impact,High Impact,No Impact,Some Impact,High Impact,High Impact,No Impact,No Impact,High Impact,No Impact,No Impact,High Impact,No Impact,No,No,No,No,No,No,No,No,No,No,No,No,No,No,No,No,No Impact,No Impact,No Impact,No Impact,No Impact,No Impact,No Impact,High Impact,High Impact,Some Impact,No Impact,Some Impact,No Impact,No Impact,Information Technology,Yes,No,No,Yes,No,Yes,No,No,No,Yes,Yes,No,Yes,Yes,No,No,No,No,No,No,No,First Choice,,,Man,White/Caucasian,18 and younger
2026/09/16 10:04:31 AM AST,CMP 131 Fundamentals of Programming (Python),Don't recall,Yes,Yes,Yes,No,Don't recall,Yes,No,No,No,No,No,No,No,Some Impact,High Impact,Some Impact,No Impact,Some Impact,No Impact,Some Impact,High Impact,No Impact,No Impact,No Impact,N/A,No Impact,N/A,High Impact,N/A,Yes,No,Yes,No,No,Yes,No,No,No,No,Not Sure,No,No,No,No,No,Some Impact,No Impact,No Impact,No Impact,No Impact,No Impact,No Impact,Some Impact,No Impact,No Impact,No Impact,No Impact,No Impact,N/A,Mechanical Engineering,,,,,,,,,,,,,,,,,,,,,,,3,"I was never really the best in coding, I think my path is better off with something I'm good at.",Man,Hispanic or Latino,19-20
2026/09/16 10:46:44 AM AST,CMP 131 Fundamentals of Programming (Python),Yes,No,Yes,Yes,No,No,Yes,Yes,No,Yes,No,No,No,No,Some Impact,Some Impact,High Impact,No Impact,No Impact,High Impact,Some Impact,High Impact,High Impact,High Impact,Some Impact,High Impact,No Impact,Some Impact,High Impact,Some Impact,No,No,No,No,No,No,No,No,No,No,No,No,No,No,No,Yes,No Impact,No Impact,Some Impact,No Impact,No Impact,No Impact,No Impact,No Impact,No Impact,Some Impact,No Impact,No Impact,No Impact,No Impact,Computer Science,Yes,Yes,No,Yes,No,Yes,No,No,Yes,Yes,No,No,No,Don't recall,Yes,No,No,No,Don't recall,Don't recall,No,Engineering,,,Woman,Hispanic or Latino,19-20
2026/09/16 11:12:27 AM AST,CMP 131 Fundamentals of Programming (Python),Yes,Yes,Yes,Yes,No,No,No,No,No,No,No,No,No,No,High Impact,High Impact,High Impact,Some Impact,No Impact,High Impact,High Impact,High Impact,High Impact,Some Impact,High Impact,High Impact,Some Impact,Some Impact,High Impact,Some Impact,Yes,Yes,Yes,No,No,No,No,No,No,No,No,No,Yes,No,No,No,Some Impact,Some Impact,Some Impact,No Impact,No Impact,No Impact,No Impact,No Impact,No Impact,No Impact,No Impact,No Impact,No Impact,No Impact,MET,,,,,,,,,,,,,,,,,,,,,,,4,I would Because I seen important to my major,Man,Hispanic or Latino;White/Caucasian,18 and younger
2026/09/16 11:16:17 AM AST,CMP 131 Fundamentals of Programming (Python),Yes,No,No,No,Yes,Yes,No,No,No,Yes,No,No,No,No,Some Impact,Some Impact,High Impact,Some Impact,Some Impact,N/A,Some Impact,N/A,Some Impact,Some Impact,No Impact,N/A,Some Impact,N/A,High Impact,N/A,No,No,No,No,No,No,No,No,No,No,No,No,No,No,No,No,N/A,N/A,Some Impact,Some Impact,Some Impact,N/A,N/A,Some Impact,Some Impact,N/A,Some Impact,Some Impact,Some Impact,N/A,Mechanical Engineering,,,,,,,,,,,,,,,,,,,,,,,4,"have found that programming and other computing skills can be useful in many different careers, especially in technical fields.",Man,Black/African American,21-24
2026/09/16 11:36:53 AM AST,CMP 128 Computer Science I,No,Yes,Yes,Yes,Yes,No,Yes,Yes,No,No,No,No,No,No,High Impact,High Impact,High Impact,High Impact,Some Impact,High Impact,High Impact,High Impact,High Impact,High Impact,High Impact,High Impact,High Impact,High Impact,High Impact,High Impact,No,No,No,No,No,No,No,No,No,No,No,Yes,No,No,No,No,High Impact,Some Impact,High Impact,No Impact,No Impact,No Impact,No Impact,Some Impact,Some Impact,High Impact,No Impact,Some Impact,No Impact,No Impact,Information Technology,Yes,Yes,No,Yes,No,Yes,No,No,Yes,Yes,Yes,Yes,Yes,Yes,No,No,No,No,No,No,No,Nursing,,,Man,Asian,19-20
2026/09/16 12:13:19 PM AST,CMP 128 Computer Science I,Yes,Yes,No,Yes,No,No,No,No,Yes,No,No,No,No,No,High Impact,High Impact,Some Impact,Some Impact,No Impact,No Impact,No Impact,Some Impact,N/A,No Impact,No Impact,N/A,N/A,N/A,Some Impact,N/A,Yes,Not Sure,No,Yes,No,No,No,No,No,No,No,No,No,No,No,No,N/A,N/A,N/A,N/A,N/A,N/A,N/A,N/A,N/A,N/A,N/A,Some Impact,N/A,Some Impact,mathematics,,,,,,,,,,,,,,,,,,,,,,,2,Not really. I only took this class because it was required. Computing isn't something I'm interested in continuing.,Woman,Hispanic or Latino;Asian,19-20
2026/09/16 1:39:33 PM AST,CMP 128 Computer Science I,Don't recall,Don't recall,No,Yes,No,No,Yes,Yes,Don't recall,Don't recall,Don't recall,Don't recall,Don't recall,Don't recall,Some Impact,Some Impact,N/A,N/A,N/A,N/A,N/A,N/A,N/A,N/A,N/A,N/A,N/A,N/A,N/A,No Impact,Yes,No,Yes,Not Sure,No,Yes,Yes,Not Sure,No,Yes,Not Sure,No,No,No,No,No,Some Impact,High Impact,High Impact,No Impact,No Impact,No Impact,High Impact,No Impact,No Impact,Some Impact,No Impact,No Impact,No Impact,No Impact,Non Degree seeking,,,,,,,,,,,,,,,,,,,,,,,4,I find computing interesting and applicable to future jobs,Woman,White/Caucasian,18 and younger
2026/09/16 1:40:30 PM AST,CMP 128 Computer Science I,No,No,No,No,No,No,Yes,Yes,No,No,No,No,No,No,High Impact,High Impact,High Impact,High Impact,No Impact,Some Impact,Some Impact,Some Impact,Some Impact,High Impact,High Impact,Some Impact,No Impact,No Impact,High Impact,High Impact,Yes,No,No,No,No,No,Yes,Yes,No,No,No,No,Yes,No,No,No,Some Impact,No Impact,High Impact,No Impact,No Impact,No Impact,High Impact,No Impact,Some Impact,Some Impact,No Impact,No Impact,No Impact,No Impact,"Engineering, Design, and Advanced Manufacturing Share Time Program",,,,,,,,,,,,,,,,,,,,,,,4,I would be interested in taking another computing class because I enjoy coding. ,Woman,Asian,18 and younger
2026/09/16 1:40:54 PM AST,CMP 128 Computer Science I,No,No,No,No,No,No,No,Yes,No,No,No,No,No,Yes,N/A,Some Impact,High Impact,N/A,N/A,N/A,High Impact,N/A,N/A,High Impact,N/A,N/A,N/A,N/A,High Impact,High Impact,No,No,Yes,No,No,Yes,Yes,No,No,Yes,No,No,No,No,No,No,No Impact,No Impact,High Impact,No Impact,No Impact,Some Impact,High Impact,No Impact,No Impact,No Impact,No Impact,No Impact,No Impact,No Impact,"Engineering, Design, and Advanced Manufacturing",,,,,,,,,,,,,,,,,,,,,,,4,I'd be interested because computer literacy and greater computer skills are important to me. ,Man,Asian;White/Caucasian,18 and younger
2026/09/16 1:42:48 PM AST,CMP 128 Computer Science I,No,No,No,No,No,No,No,No,No,No,No,No,Yes,No,No Impact,Some Impact,Some Impact,No Impact,Some Impact,N/A,High Impact,Some Impact,Some Impact,No Impact,Some Impact,Some Impact,High Impact,N/A,High Impact,High Impact,Yes,No,Yes,No,Not Sure,No,Yes,No,Not Sure,No,Yes,No,Not Sure,No,Yes,No,No Impact,Some Impact,No Impact,Some Impact,High Impact,High Impact,High Impact,Some Impact,High Impact,Some Impact,Some Impact,Some Impact,Some Impact,High Impact,Undecided,,,,,,,,,,,,,,,,,,,,,,,5,I am a bit interested as technology is always evolving and i don't want to be helpless,Man,Black/African American,18 and younger
2026/09/16 1:43:20 PM AST,CMP 128 Computer Science I,No,No,No,Yes,Yes,No,No,Yes,Yes,Yes,No,No,No,No,No Impact,No Impact,High Impact,No Impact,High Impact,No Impact,No Impact,No Impact,No Impact,High Impact,No Impact,No Impact,No Impact,No Impact,High Impact,High Impact,No,No,No,No,No,No,No,No,No,No,No,No,No,No,No,No,N/A,N/A,N/A,N/A,N/A,N/A,N/A,N/A,N/A,N/A,N/A,N/A,N/A,N/A,Engineering,,,,,,,,,,,,,,,,,,,,,,,1,Not a fan of coding like to be more hands on,Man,White/Caucasian,18 and younger
2026/09/16 1:46:04 PM AST,CMP 128 Computer Science I,Yes,Yes,Yes,Yes,Yes,No,Yes,Yes,No,No,No,No,No,No,N/A,No Impact,Some Impact,No Impact,N/A,High Impact,N/A,N/A,N/A,No Impact,No Impact,No Impact,No Impact,N/A,N/A,High Impact,No,No,No,No,No,No,Yes,No,No,Yes,No,No,No,No,No,No,N/A,N/A,N/A,N/A,N/A,N/A,Some Impact,N/A,N/A,N/A,N/A,N/A,N/A,N/A,EDAM MCST Program,,,,,,,,,,,,,,,,,,,,,,,2,I'm not really interested in computing classes,Woman,White/Caucasian,18 and younger
2026/09/16 1:46:04 PM AST,CMP 128 Computer Science I,Yes,Yes,Yes,Yes,Yes,No,Yes,Yes,No,No,No,No,No,No,N/A,Some Impact,Some Impact,Some Impact,No Impact,High Impact,N/A,N/A,N/A,No Impact,No Impact,No Impact,No Impact,No Impact,No Impact,High Impact,No,No,No,No,No,No,Yes,No,No,Yes,No,No,No,No,No,Yes,N/A,N/A,N/A,N/A,N/A,N/A,Some Impact,N/A,N/A,N/A,N/A,N/A,N/A,N/A,EDAM Votech,,,,,,,,,,,,,,,,,,,,,,,3,I'm mildly interested in computing classes,Woman,Asian,18 and younger
2026/09/16 1:46:17 PM AST,CMP 128 Computer Science I,No,No,No,Yes,Yes,No,No,No,No,No,No,No,No,Don't recall,High Impact,Some Impact,High Impact,No Impact,High Impact,Some Impact,Some Impact,Some Impact,No Impact,No Impact,Some Impact,High Impact,No Impact,No Impact,High Impact,High Impact,No,No,No,No,No,No,No,No,No,No,No,No,No,No,No,No,No Impact,No Impact,No Impact,No Impact,No Impact,No Impact,Some Impact,Some Impact,High Impact,No Impact,No Impact,No Impact,Some Impact,No Impact,EDAM student year 2,,,,,,,,,,,,,,,,,,,,,,,4,I enjoy coding and computer science and I wish to further my experience in the field which would definitely help in finding engineering related job opportunities,Man,Asian,18 and younger
2026/09/16 1:56:25 PM AST,CMP 128 Computer Science I,Don't recall,No,No,Yes,No,No,No,Don't recall,No,No,Don't recall,Don't recall,Don't recall,Don't recall,N/A,High Impact,Some Impact,N/A,N/A,No Impact,No Impact,Some Impact,High Impact,N/A,N/A,Some Impact,N/A,N/A,High Impact,High Impact,Not Sure,No,No,No,No,No,Yes,Yes,Not Sure,Not Sure,No,No,No,No,No,No,Some Impact,No Impact,High Impact,Some Impact,Some Impact,High Impact,N/A,N/A,N/A,Some Impact,No Impact,No Impact,No Impact,N/A,EDAM Program,,,,,,,,,,,,,,,,,,,,,,,3,I would prefer not to take another computing class because I already have tons of work from both CCM classes and my high school classes.,Man,White/Caucasian,18 and younger
2026/09/16 6:18:28 PM AST,CMP 131 Fundamentals of Programming (Python),No,No,No,No,No,No,No,No,No,No,No,No,No,Yes,No Impact,No Impact,No Impact,No Impact,No Impact,No Impact,No Impact,No Impact,No Impact,No Impact,No Impact,No Impact,No Impact,No Impact,No Impact,No Impact,No,Yes,No,No,No,No,No,No,No,No,No,No,No,No,No,No,No Impact,No Impact,No Impact,No Impact,No Impact,No Impact,No Impact,No Impact,No Impact,No Impact,No Impact,No Impact,No Impact,No Impact,MechTech,,,,,,,,,,,,,,,,,,,,,,,1,I am only taking what is required,Man,White/Caucasian,19-20
2026/09/16 6:20:33 PM AST,CMP 131 Fundamentals of Programming (Python),Yes,Yes,No,Yes,Yes,Yes,No,No,No,No,No,No,No,No,High Impact,High Impact,No Impact,No Impact,No Impact,No Impact,No Impact,No Impact,No Impact,No Impact,No Impact,No Impact,No Impact,No Impact,No Impact,No Impact,No,No,No,No,No,No,No,No,No,No,No,Yes,No,No,No,No,Some Impact,No Impact,High Impact,No Impact,No Impact,No Impact,No Impact,Some Impact,Some Impact,No Impact,No Impact,No Impact,No Impact,No Impact,Information Technology,Yes,No,No,No,No,Yes,No,No,No,Yes,No,Yes,No,No,No,No,No,No,No,No,No,First Choice,,,Man,White/Caucasian,18 and younger
2026/09/16 6:48:07 PM AST,CMP 131 Fundamentals of Programming (Python),Yes,No,Yes,Yes,Yes,No,Yes,No,No,No,No,No,No,No,High Impact,High Impact,High Impact,High Impact,High Impact,High Impact,High Impact,High Impact,High Impact,High Impact,High Impact,High Impact,High Impact,High Impact,High Impact,High Impact,Yes,No,Yes,No,No,No,No,No,Yes,No,No,No,No,No,No,No,High Impact,N/A,High Impact,N/A,N/A,N/A,N/A,High Impact,High Impact,N/A,N/A,N/A,N/A,N/A,Computer Science,Yes,No,No,Yes,Yes,No,No,No,No,Yes,Yes,Yes,No,No,Yes,Yes,Yes,No,No,No,No,First Choice,,,Woman,Hispanic or Latino,21-24
2026/09/16 7:34:20 PM AST,CMP 128 Computer Science I,Yes,No,No,No,No,No,No,No,No,No,No,No,No,No,High Impact,High Impact,High Impact,High Impact,High Impact,N/A,High Impact,N/A,High Impact,N/A,N/A,N/A,N/A,N/A,N/A,N/A,No,No,No,No,No,No,No,No,No,No,No,No,No,No,No,No,High Impact,High Impact,High Impact,N/A,N/A,N/A,N/A,N/A,N/A,N/A,N/A,N/A,N/A,N/A,Computer Science,Yes,Yes,Yes,Yes,Yes,Yes,Yes,Yes,Yes,Yes,Yes,Yes,No,No,Yes,Yes,No,No,No,No,No,First Choice,,,Man,White/Caucasian,25-34
2026/09/16 8:45:13 PM AST,CMP 131 Fundamentals of Programming (Python),Yes,No,No,Yes,Yes,No,Yes,Yes,No,No,No,No,No,Yes,Some Impact,High Impact,No Impact,No Impact,High Impact,No Impact,No Impact,No Impact,No Impact,No Impact,No Impact,No Impact,Some Impact,No Impact,No Impact,No Impact,No,No,No,No,No,No,No,No,No,No,No,No,No,No,No,No,High Impact,N/A,Some Impact,N/A,N/A,N/A,N/A,High Impact,Some Impact,N/A,N/A,N/A,High Impact,N/A,Non Degree seeking,,,,,,,,,,,,,,,,,,,,,,,4,I am interested in taking more computing classes that will help when I apply for my masters degree and for data collection as I've worked in environmental science fields. ,Non-binary,Hispanic or Latino,21-24
2026/09/16 10:18:59 PM AST,CMP 131 Fundamentals of Programming (Python),No,Yes,No,Yes,Yes,Yes,Yes,No,No,No,No,No,No,No,High Impact,High Impact,Some Impact,High Impact,No Impact,Some Impact,Some Impact,Some Impact,Some Impact,Some Impact,No Impact,High Impact,No Impact,High Impact,High Impact,No Impact,No,No,No,No,No,No,No,No,No,No,No,Yes,No,No,No,No,Some Impact,No Impact,No Impact,No Impact,No Impact,No Impact,Some Impact,Some Impact,No Impact,No Impact,No Impact,Some Impact,No Impact,No Impact,Business Administration ,,,,,,,,,,,,,,,,,,,,,,,5,"it's certainly something I've always taken an interest in, and seeing how the future of technology is developing I believe the path I'm taking is the best way to keep up with the current technological advancements, the summarize the feeling, it's mostly excitement.",Man,White/Caucasian,19-20
2026/09/17 9:17:44 AM AST,CMP 131 Fundamentals of Programming (Python),Yes,Yes,Yes,Yes,Yes,No,No,No,Yes,No,No,No,No,No,High Impact,No Impact,High Impact,N/A,No Impact,No Impact,N/A,Some Impact,N/A,No Impact,Some Impact,No Impact,No Impact,No Impact,No Impact,No Impact,Not Sure,Not Sure,Yes,Yes,Not Sure,Not Sure,Not Sure,Not Sure,Not Sure,Not Sure,Not Sure,Not Sure,Not Sure,Not Sure,Yes,Yes,No Impact,No Impact,No Impact,No Impact,No Impact,N/A,N/A,N/A,N/A,N/A,N/A,No Impact,No Impact,N/A,Information Technology,Yes,No,Yes,Yes,Yes,No,No,No,Yes,Yes,Yes,Yes,Yes,Yes,Yes,Yes,Don't recall,Don't recall,Don't recall,Don't recall,Don't recall,First Choice,,,Man,Choose not to reply,19-20
2026/09/17 12:00:21 PM AST,CMP 131 Fundamentals of Programming (Python),No,No,No,No,No,No,No,No,No,No,No,No,No,Yes,Some Impact,No Impact,Some Impact,No Impact,No Impact,No Impact,Some Impact,Some Impact,Some Impact,No Impact,No Impact,No Impact,No Impact,No Impact,No Impact,No Impact,No,No,Yes,No,No,No,No,No,No,No,No,Yes,No,No,No,No,N/A,N/A,N/A,N/A,N/A,N/A,N/A,High Impact,High Impact,N/A,N/A,N/A,N/A,N/A,Information Technology,Yes,Yes,No,No,No,No,No,No,No,Yes,No,No,No,No,Yes,Yes,No,No,No,No,No,First Choice,,,Man,Hispanic or Latino,18 and younger
2026/09/17 2:24:25 PM AST,CMP 131 Fundamentals of Programming (Python),No,No,Yes,No,Yes,No,Yes,No,No,No,No,No,No,Don't recall,High Impact,Some Impact,High Impact,No Impact,No Impact,No Impact,Some Impact,No Impact,Some Impact,High Impact,No Impact,N/A,N/A,Some Impact,High Impact,N/A,No,No,No,No,No,No,No,No,No,No,No,No,No,No,No,No,N/A,High Impact,Some Impact,N/A,N/A,High Impact,High Impact,Some Impact,Some Impact,High Impact,No Impact,No Impact,N/A,N/A,Computer Science,Yes,Yes,No,Yes,No,Yes,No,No,No,Yes,Yes,No,Yes,Yes,No,Yes,No,No,No,No,No,First Choice,,,Non-binary,Asian,19-20
2026/09/17 2:25:13 PM AST,CMP 131 Fundamentals of Programming (Python),No,No,No,No,Yes,No,No,No,No,No,No,No,No,No,High Impact,Some Impact,High Impact,High Impact,No Impact,Some Impact,Some Impact,High Impact,High Impact,High Impact,No Impact,High Impact,No Impact,No Impact,Some Impact,N/A,No,No,No,No,No,No,No,No,No,No,No,No,No,No,No,No,N/A,N/A,N/A,N/A,N/A,N/A,N/A,High Impact,High Impact,N/A,N/A,N/A,N/A,N/A,Information Technology,Yes,No,No,Yes,Yes,Yes,No,No,No,No,Yes,Yes,No,No,No,No,Yes,No,No,No,No,First Choice,,,Woman,White/Caucasian,35-64
2026/09/17 2:25:18 PM AST,CMP 131 Fundamentals of Programming (Python),No,No,Yes,Yes,Yes,Yes,Yes,Yes,No,No,No,No,No,No,High Impact,High Impact,Some Impact,No Impact,Some Impact,Some Impact,High Impact,High Impact,High Impact,High Impact,No Impact,N/A,N/A,High Impact,High Impact,No Impact,Yes,No,No,No,No,Yes,No,No,No,Yes,No,No,No,No,No,No,No Impact,No Impact,No Impact,No Impact,No Impact,No Impact,No Impact,Some Impact,No Impact,Some Impact,No Impact,Some Impact,No Impact,No Impact,Computer Science,Yes,Yes,No,Yes,No,Yes,No,No,No,Yes,No,No,No,Yes,No,No,No,No,Yes,No,No,First Choice,,,Man,Hispanic or Latino;Asian,19-20
2026/09/17 2:25:27 PM AST,CMP 131 Fundamentals of Programming (Python),No,No,No,Yes,No,No,No,No,No,No,No,No,No,No,High Impact,High Impact,High Impact,High Impact,Some Impact,Some Impact,Some Impact,High Impact,Some Impact,High Impact,No Impact,No Impact,No Impact,No Impact,Some Impact,No Impact,Yes,Yes,Yes,Yes,Yes,Yes,Yes,Yes,Yes,Yes,Yes,Yes,Yes,Yes,Yes,Yes,No Impact,No Impact,No Impact,No Impact,No Impact,No Impact,No Impact,Some Impact,No Impact,No Impact,No Impact,No Impact,No Impact,No Impact,Data Analytics Certificate of Achievement,Yes,No,No,No,Yes,Yes,No,No,No,Yes,Yes,Yes,No,No,Yes,Yes,No,No,No,No,No,First Choice,,,Man,Hispanic or Latino;Black/African American,21-24
2026/09/17 2:26:39 PM AST,CMP 131 Fundamentals of Programming (Python),No,No,No,Yes,No,No,Yes,Yes,No,No,No,No,No,Yes,High Impact,High Impact,Some Impact,No Impact,Some Impact,Some Impact,High Impact,Some Impact,Some Impact,Some Impact,No Impact,No Impact,No Impact,No Impact,High Impact,No Impact,Yes,No,No,No,No,No,No,No,No,No,No,No,No,No,No,No,High Impact,No Impact,No Impact,No Impact,No Impact,Some Impact,No Impact,High Impact,High Impact,No Impact,No Impact,No Impact,No Impact,No Impact,Information Technology,Yes,Yes,No,No,No,No,No,No,Yes,Yes,Yes,Yes,Yes,No,No,No,No,No,No,No,No,First Choice,,,Man,White/Caucasian,18 and younger
2026/09/17 2:27:49 PM AST,CMP 131 Fundamentals of Programming (Python),No,No,Yes,Yes,Yes,Yes,Yes,Yes,No,No,No,No,No,No,High Impact,Some Impact,High Impact,Some Impact,Some Impact,High Impact,High Impact,High Impact,High Impact,Some Impact,High Impact,High Impact,N/A,N/A,High Impact,N/A,No,No,No,No,No,No,No,No,No,No,No,Yes,No,No,No,No,N/A,N/A,N/A,N/A,N/A,N/A,N/A,Some Impact,Some Impact,Some Impact,Some Impact,Some Impact,Some Impact,N/A,Computer Science,Yes,Yes,No,Yes,Yes,Yes,No,Yes,Yes,Yes,Yes,Yes,No,No,No,Yes,Yes,Yes,Yes,Yes,Don't recall,First Choice,,,Man,Hispanic or Latino;White/Caucasian,25-34
2026/09/17 2:27:50 PM AST,CMP 131 Fundamentals of Programming (Python),Yes,No,No,No,Yes,No,No,No,No,No,No,No,No,No,High Impact,High Impact,High Impact,No Impact,No Impact,High Impact,Some Impact,No Impact,No Impact,Some Impact,No Impact,Some Impact,No Impact,No Impact,Some Impact,N/A,No,No,No,No,No,No,No,No,No,No,No,No,Yes,No,No,No,N/A,N/A,N/A,N/A,N/A,N/A,N/A,N/A,Some Impact,N/A,Some Impact,High Impact,High Impact,N/A,Computer Science,No,No,No,Yes,No,Yes,No,No,Yes,No,No,Yes,No,No,Yes,No,No,No,No,No,No,Engineering,,,Man,White/Caucasian,65+
2026/09/17 2:28:08 PM AST,CMP 131 Fundamentals of Programming (Python),Yes,Yes,No,Yes,Yes,No,Yes,Yes,Yes,No,No,No,No,Don't recall,High Impact,High Impact,High Impact,No Impact,No Impact,No Impact,High Impact,High Impact,High Impact,No Impact,No Impact,No Impact,No Impact,High Impact,High Impact,No Impact,No,No,No,No,No,No,No,No,No,No,No,No,No,No,No,No,Some Impact,Some Impact,No Impact,No Impact,No Impact,No Impact,No Impact,Some Impact,Some Impact,No Impact,No Impact,No Impact,No Impact,High Impact,Information Technology,Yes,Yes,No,Yes,Yes,Yes,No,No,No,No,Yes,Yes,No,No,Yes,Yes,Yes,No,No,No,No,First Choice,,,Man,Hispanic or Latino,35-64
2026/09/17 2:28:16 PM AST,CMP 131 Fundamentals of Programming (Python),Yes,Yes,No,Yes,Yes,Yes,Yes,Yes,No,No,No,No,No,Yes,High Impact,Some Impact,High Impact,No Impact,No Impact,No Impact,High Impact,No Impact,Some Impact,Some Impact,No Impact,N/A,N/A,N/A,High Impact,High Impact,No,No,No,No,No,No,Yes,Yes,No,Yes,Yes,No,Yes,No,No,No,Some Impact,N/A,No Impact,No Impact,No Impact,No Impact,No Impact,High Impact,High Impact,No Impact,Some Impact,No Impact,Some Impact,No Impact,Applied Science in Electronic Engineering Technology,,,,,,,,,,,,,,,,,,,,,,,3,"Im interested in taking more computing classes because I find it intriguing. But, This is the only computing class needed for my degree/program.",Man,White/Caucasian,18 and younger
2026/09/17 2:28:27 PM AST,CMP 131 Fundamentals of Programming (Python),No,No,Yes,Yes,No,No,Yes,Yes,No,No,Yes,No,No,Yes,High Impact,High Impact,Some Impact,Some Impact,Some Impact,High Impact,No Impact,Some Impact,Some Impact,Some Impact,No Impact,N/A,N/A,N/A,Some Impact,N/A,No,No,No,No,No,No,No,No,No,No,No,No,No,No,No,No,High Impact,N/A,N/A,N/A,N/A,N/A,N/A,No Impact,N/A,Some Impact,N/A,No Impact,No Impact,Some Impact,Information Technology,Yes,Yes,No,Yes,No,Yes,No,No,Yes,Yes,Yes,Yes,Don't recall,No,No,No,Don't recall,No,No,No,No,Computer Science,,,Man,Black/African American,19-20
2026/09/17 2:29:04 PM AST,CMP 131 Fundamentals of Programming (Python),Yes,Don't recall,No,Don't recall,Yes,Don't recall,Yes,Don't recall,No,No,No,No,No,No,Some Impact,No Impact,High Impact,N/A,N/A,No Impact,High Impact,Some Impact,N/A,N/A,N/A,High Impact,N/A,N/A,High Impact,High Impact,Yes,No,No,No,No,No,No,No,No,No,No,No,No,No,No,No,Some Impact,No Impact,Some Impact,No Impact,No Impact,Some Impact,High Impact,Some Impact,N/A,High Impact,N/A,Some Impact,No Impact,N/A,Information Technology,Yes,Yes,No,No,No,Yes,No,No,No,Yes,Yes,Yes,Yes,Yes,Don't recall,No,No,No,No,No,No,First Choice,,,Man,Hispanic or Latino;White/Caucasian,18 and younger
2026/09/17 2:30:20 PM AST,CMP 131 Fundamentals of Programming (Python),No,No,No,Yes,No,No,No,No,Yes,No,No,No,No,No,Some Impact,No Impact,No Impact,Some Impact,No Impact,No Impact,No Impact,N/A,N/A,No Impact,No Impact,N/A,No Impact,No Impact,No Impact,No Impact,No,No,Not Sure,No,No,No,Not Sure,No,No,No,No,Yes,No,No,No,No,Some Impact,No Impact,No Impact,No Impact,No Impact,No Impact,No Impact,Some Impact,No Impact,No Impact,No Impact,No Impact,No Impact,No Impact,Electronics Engineering Technology,,,,,,,,,,,,,,,,,,,,,,,3,"I'm will to take more classes, but im worried about losing more time.",Man,Black/African American,18 and younger
2026/09/17 2:31:34 PM AST,CMP 131 Fundamentals of Programming (Python),No,Don't recall,Don't recall,Yes,Yes,Yes,Yes,Don't recall,Don't recall,No,No,No,No,No,High Impact,High Impact,High Impact,High Impact,High Impact,No Impact,Some Impact,High Impact,Some Impact,High Impact,Some Impact,No Impact,No Impact,No Impact,High Impact,No Impact,No,No,No,No,No,No,No,No,No,No,No,No,No,No,No,No,No Impact,No Impact,No Impact,No Impact,No Impact,No Impact,No Impact,No Impact,No Impact,No Impact,No Impact,No Impact,No Impact,No Impact,Computer Science : Data Science option,,,,,,,,,,,,,,,,,,,,,,,3,I am not good at coding,Man,Hispanic or Latino,19-20
2026/09/17 3:31:40 PM AST,CMP 131 Fundamentals of Programming (Python),Don't recall,Don't recall,Don't recall,Don't recall,Don't recall,Don't recall,Don't recall,Don't recall,Don't recall,Don't recall,Don't recall,Don't recall,Don't recall,Don't recall,High Impact,High Impact,High Impact,N/A,High Impact,Some Impact,High Impact,N/A,N/A,High Impact,N/A,N/A,N/A,N/A,High Impact,N/A,Yes,Not Sure,Not Sure,Not Sure,Not Sure,Not Sure,Not Sure,Not Sure,Not Sure,Not Sure,Not Sure,Not Sure,Not Sure,Not Sure,Not Sure,Not Sure,N/A,N/A,N/A,N/A,N/A,N/A,N/A,N/A,N/A,N/A,N/A,N/A,N/A,N/A,Undecided,,,,,,,,,,,,,,,,,,,,,,,2,programing is very tedious work and it is hard for me to just sit,Man,Choose not to reply,19-20
2026/09/17 5:14:11 PM AST,CMP 128 Computer Science I,Yes,No,Yes,No,No,No,No,No,No,No,No,No,No,No,Some Impact,High Impact,High Impact,High Impact,No Impact,No Impact,No Impact,High Impact,Some Impact,High Impact,High Impact,High Impact,No Impact,No Impact,High Impact,No Impact,No,No,No,No,No,No,No,No,No,No,No,No,No,No,No,No,No Impact,No Impact,No Impact,No Impact,No Impact,No Impact,No Impact,No Impact,No Impact,No Impact,No Impact,No Impact,No Impact,No Impact,Biomedical technician,,,,,,,,,,,,,,,,,,,,,,,4,I have some experience with the hardware  side of computer repair wanted to expand that and the career Iâ€™m trying to seek him into his heavily involved in computing and technology,Man,Multi-Racial,35-64
2026/09/17 7:29:21 PM AST,CMP 131 Fundamentals of Programming (Python),Yes,No,No,Yes,No,Yes,No,No,No,No,No,No,No,No,N/A,Some Impact,High Impact,N/A,Some Impact,No Impact,Some Impact,No Impact,No Impact,High Impact,Some Impact,No Impact,No Impact,No Impact,Some Impact,No Impact,No,No,No,No,No,No,No,No,No,No,No,No,No,No,No,No,No Impact,No Impact,No Impact,No Impact,No Impact,No Impact,No Impact,No Impact,No Impact,No Impact,No Impact,No Impact,No Impact,No Impact,Enginering,,,,,,,,,,,,,,,,,,,,,,,3,I'm enjoying this class but I'm here for the credits for the degree not for the love of coding. ,Man,White/Caucasian,35-64
2026/09/17 9:27:04 PM AST,CMP 128 Computer Science I,Yes,Yes,Yes,Yes,Yes,Yes,No,No,No,No,No,No,No,No,High Impact,High Impact,Some Impact,Some Impact,High Impact,Some Impact,Some Impact,High Impact,High Impact,High Impact,High Impact,Some Impact,Some Impact,High Impact,Some Impact,High Impact,No,No,No,Yes,No,No,No,No,No,No,No,Yes,Yes,No,No,No,Some Impact,Some Impact,Some Impact,Some Impact,No Impact,No Impact,No Impact,Some Impact,No Impact,No Impact,No Impact,High Impact,No Impact,No Impact,Computer Science,Yes,Yes,Yes,Yes,Yes,Yes,Yes,Yes,Yes,Yes,Yes,Yes,Yes,Yes,Yes,Yes,Yes,Yes,Yes,Yes,Yes,Engineering,,,Man,White/Caucasian,19-20
2026/09/18 11:45:52 AM AST,CMP 128 Computer Science I,Yes,Yes,Yes,Yes,Yes,No,Yes,Yes,No,No,No,No,No,No,High Impact,High Impact,High Impact,No Impact,Some Impact,No Impact,No Impact,No Impact,No Impact,No Impact,No Impact,No Impact,No Impact,Some Impact,No Impact,No Impact,No,No,Yes,Yes,No,No,No,No,No,No,Yes,Yes,No,No,No,Yes,No Impact,No Impact,No Impact,No Impact,No Impact,Some Impact,No Impact,Some Impact,No Impact,Some Impact,No Impact,Some Impact,No Impact,No Impact,Computer Science,Yes,Yes,No,No,No,Yes,Yes,Yes,Yes,No,Yes,Yes,No,Yes,Yes,No,No,No,No,No,No,First Choice,,,Man,Hispanic or Latino,19-20
2026/09/18 3:56:43 PM AST,CMP 131 Fundamentals of Programming (Python),No,No,No,No,No,No,Yes,No,No,No,No,No,No,Yes,N/A,N/A,N/A,N/A,N/A,High Impact,N/A,N/A,N/A,N/A,N/A,N/A,N/A,N/A,N/A,High Impact,No,No,No,No,No,No,Yes,No,No,Yes,No,No,No,No,No,No,N/A,Some Impact,Some Impact,N/A,N/A,N/A,N/A,N/A,High Impact,N/A,N/A,N/A,N/A,N/A,ShareTime CSIP Program,No,No,Yes,Yes,No,Yes,Yes,No,Yes,Yes,No,Yes,No,No,Yes,No,No,No,No,No,No,Engineering,,,Woman,Asian,18 and younger
2026/09/20 9:47:08 PM AST,CMP 130 Intro to IT,No,No,No,No,No,No,Yes,No,No,No,No,No,No,No,No Impact,No Impact,No Impact,N/A,N/A,N/A,No Impact,No Impact,No Impact,N/A,N/A,N/A,N/A,N/A,N/A,N/A,Yes,No,No,No,No,No,No,No,No,No,No,No,No,No,No,No,N/A,N/A,N/A,N/A,N/A,N/A,N/A,N/A,N/A,N/A,N/A,N/A,N/A,High Impact,Information Technology,Yes,Yes,No,No,No,No,No,No,Yes,Yes,No,Yes,Don't recall,Don't recall,Don't recall,Don't recall,Don't recall,Don't recall,Don't recall,Don't recall,Don't recall,"Comp sci, then biology, and now finally IT",,,Man,Black/African American,19-20
2026/09/21 10:47:37 AM AST,CMP 130 Intro to IT,Yes,No,No,Yes,Yes,Yes,No,No,No,No,No,No,No,No,High Impact,High Impact,No Impact,Some Impact,Some Impact,Some Impact,Some Impact,N/A,N/A,No Impact,High Impact,High Impact,No Impact,No Impact,High Impact,High Impact,No,No,No,No,No,No,No,No,No,No,No,No,No,No,No,No,No Impact,No Impact,No Impact,No Impact,No Impact,No Impact,No Impact,No Impact,No Impact,No Impact,No Impact,No Impact,No Impact,No Impact,Information Technology,Yes,Yes,No,Yes,No,No,No,No,Yes,Yes,No,Yes,No,No,Yes,No,No,No,No,No,No,First Choice,,,Man,Asian,21-24
2026/09/21 10:48:54 AM AST,CMP 130 Intro to IT,Don't recall,Yes,Don't recall,Yes,Don't recall,Don't recall,Yes,Don't recall,Don't recall,Yes,Don't recall,Don't recall,Don't recall,Don't recall,High Impact,Some Impact,High Impact,Some Impact,High Impact,High Impact,Some Impact,High Impact,High Impact,No Impact,High Impact,High Impact,No Impact,Some Impact,High Impact,High Impact,No,No,No,No,No,No,No,No,No,No,No,No,No,No,No,No,N/A,N/A,N/A,N/A,N/A,N/A,N/A,N/A,N/A,N/A,N/A,N/A,N/A,N/A,Information Technology,Yes,Yes,No,Yes,Yes,Yes,Yes,Yes,Yes,Yes,Yes,Yes,No,No,No,No,No,No,No,No,No,Business,,,Man,American Indian/Native American/Alaska Native,19-20
2026/09/21 10:50:12 AM AST,CMP 130 Intro to IT,Yes,Yes,Yes,Yes,Don't recall,Yes,Don't recall,Don't recall,Don't recall,Don't recall,Don't recall,Yes,Yes,Yes,High Impact,High Impact,High Impact,Some Impact,High Impact,Some Impact,High Impact,Some Impact,High Impact,Some Impact,High Impact,N/A,N/A,High Impact,N/A,No Impact,Yes,Not Sure,Yes,Not Sure,Not Sure,No,Not Sure,Not Sure,No,Not Sure,Yes,Yes,Not Sure,Not Sure,Not Sure,No,No Impact,No Impact,No Impact,No Impact,No Impact,No Impact,No Impact,Some Impact,Some Impact,Some Impact,Some Impact,High Impact,No Impact,High Impact,different certificates for different classes and other classes i am interested in and continue my education at ccm,,,,,,,,,,,,,,,,,,,,,,,5,/because  i am interested in computers and other classes that ccm has for different programs and computers and history landscape hospitality classes and more interested for majors degree and certificates ,Man,White/Caucasian,25-34
2026/09/21 10:50:30 AM AST,CMP 130 Intro to IT,Yes,Don't recall,Don't recall,No,Yes,Yes,Yes,Yes,No,No,No,No,No,No,High Impact,No Impact,Some Impact,Some Impact,Some Impact,No Impact,High Impact,N/A,N/A,N/A,Some Impact,High Impact,No Impact,No Impact,High Impact,High Impact,Yes,No,No,Yes,No,Not Sure,No,No,No,No,No,No,No,No,No,No,Some Impact,Some Impact,Some Impact,No Impact,No Impact,High Impact,High Impact,Some Impact,No Impact,High Impact,No Impact,Some Impact,No Impact,N/A,Information Technology,Yes,Yes,No,Yes,No,No,No,No,No,Yes,Yes,Yes,Don't recall,No,Yes,No,No,No,No,No,No,First Choice,,,Man,White/Caucasian;Multi-Racial,18 and younger
2026/09/21 10:51:06 AM AST,CMP 130 Intro to IT,Yes,No,No,No,No,Yes,Yes,Yes,No,No,No,No,No,Don't recall,High Impact,High Impact,No Impact,High Impact,No Impact,No Impact,No Impact,High Impact,No Impact,No Impact,No Impact,Some Impact,Some Impact,No Impact,Some Impact,No Impact,No,No,No,No,No,No,No,No,No,No,No,No,No,No,No,No,No Impact,No Impact,No Impact,No Impact,No Impact,No Impact,No Impact,No Impact,No Impact,No Impact,No Impact,No Impact,No Impact,No Impact,Information Technology,Yes,Yes,No,Yes,No,No,No,No,Yes,Yes,No,No,Yes,Yes,No,No,No,No,No,No,No,Science,,,Man,Hispanic or Latino,21-24
2026/09/21 10:57:08 AM AST,CMP 130 Intro to IT,No,No,Yes,Yes,No,Don't recall,No,Yes,No,No,No,No,No,Yes,Some Impact,High Impact,High Impact,Some Impact,No Impact,No Impact,Some Impact,Some Impact,Some Impact,No Impact,No Impact,N/A,N/A,No Impact,Some Impact,N/A,No,No,No,No,No,No,No,No,No,No,Yes,No,No,No,No,No,High Impact,N/A,N/A,N/A,N/A,N/A,N/A,Some Impact,N/A,Some Impact,N/A,N/A,N/A,N/A,Information Technology,Yes,Yes,No,Yes,No,Yes,No,No,No,Yes,Yes,Yes,Yes,No,No,No,No,No,No,No,No,Comp Sci,,,Man,Black/African American,19-20
2026/09/21 10:57:11 AM AST,CMP 130 Intro to IT,No,No,No,No,No,No,No,No,No,No,No,No,No,Yes,High Impact,High Impact,High Impact,High Impact,No Impact,Some Impact,Some Impact,High Impact,Some Impact,High Impact,No Impact,N/A,N/A,N/A,High Impact,N/A,No,No,Yes,No,No,No,No,No,Yes,No,No,No,Yes,No,No,No,N/A,N/A,N/A,N/A,N/A,N/A,N/A,N/A,N/A,N/A,N/A,N/A,N/A,N/A,Information Technology,Yes,Yes,No,Yes,Yes,Yes,Yes,No,Yes,Yes,Yes,Yes,No,No,No,No,Yes,No,No,No,No,CJ,,,Man,White/Caucasian,35-64
2026/09/21 11:48:48 AM AST,CMP 128 Computer Science I,Yes,Yes,Yes,Yes,No,Yes,No,No,No,Yes,Yes,Yes,Yes,Yes,Some Impact,Some Impact,High Impact,High Impact,High Impact,High Impact,High Impact,High Impact,High Impact,High Impact,High Impact,High Impact,High Impact,High Impact,High Impact,No Impact,Yes,Yes,No,Yes,Yes,No,No,Yes,No,Yes,Yes,No,No,No,No,No,High Impact,High Impact,High Impact,High Impact,Some Impact,Some Impact,High Impact,Some Impact,High Impact,Some Impact,High Impact,Some Impact,Some Impact,Some Impact,Computer Science,Yes,No,No,Yes,No,Yes,Yes,No,Yes,Yes,Yes,Yes,No,Yes,No,Yes,Yes,No,Yes,Yes,Yes,Engineering,,,Prefer not to say,Choose not to reply,25-34
2026/09/21 12:40:18 PM AST,CMP 128 Computer Science I,No,No,No,Yes,Yes,No,Yes,Yes,No,No,No,No,No,No,High Impact,High Impact,High Impact,Some Impact,Some Impact,Some Impact,High Impact,No Impact,No Impact,High Impact,No Impact,Some Impact,High Impact,No Impact,High Impact,No Impact,No,Yes,No,No,No,No,No,No,No,No,Yes,Yes,No,No,No,No,No Impact,No Impact,No Impact,No Impact,No Impact,No Impact,No Impact,Some Impact,No Impact,No Impact,No Impact,High Impact,No Impact,No Impact,Electronics Engineering Technology,,,,,,,,,,,,,,,,,,,,,,,3,I am a Electronics Engineering Technology and this class is important,Man,Asian,19-20
2026/09/21 12:41:06 PM AST,CMP 128 Computer Science I,Yes,No,No,No,No,No,No,Yes,No,No,No,No,No,No,High Impact,Some Impact,Some Impact,Some Impact,No Impact,No Impact,Some Impact,No Impact,No Impact,No Impact,No Impact,High Impact,No Impact,No Impact,High Impact,No Impact,No,No,No,No,No,No,No,No,No,No,No,Yes,No,No,No,No,No Impact,No Impact,No Impact,No Impact,No Impact,No Impact,No Impact,High Impact,High Impact,No Impact,No Impact,No Impact,No Impact,Some Impact,"Business Admins, with the possibility of double major comp sci",,,,,,,,,,,,,,,,,,,,,,,5,I think to be proficient in computing is to be proficient in learning. Being a student of life and learning can be achieved through comp sci.,Man,Asian,21-24
2026/09/21 12:41:33 PM AST,CMP 128 Computer Science I,No,No,No,No,No,Yes,No,No,No,No,No,No,No,No,High Impact,Some Impact,Some Impact,No Impact,N/A,No Impact,No Impact,No Impact,No Impact,No Impact,No Impact,N/A,N/A,N/A,N/A,N/A,No,No,No,No,No,No,No,No,No,No,No,No,No,No,No,No,No Impact,No Impact,No Impact,No Impact,No Impact,No Impact,No Impact,No Impact,No Impact,No Impact,No Impact,No Impact,No Impact,No Impact,Web Development Certificate of Achievement,No,No,No,No,No,No,No,No,No,No,No,Yes,No,No,No,No,No,No,No,No,No,First Choice,,,Non-binary,Hispanic or Latino,25-34
2026/09/21 12:41:51 PM AST,CMP 128 Computer Science I,Yes,No,Yes,No,No,No,No,No,No,No,No,No,No,No,High Impact,High Impact,High Impact,No Impact,No Impact,No Impact,No Impact,No Impact,No Impact,No Impact,No Impact,No Impact,No Impact,No Impact,No Impact,No Impact,No,No,No,No,No,No,No,No,No,No,No,No,No,No,No,No,No Impact,No Impact,No Impact,No Impact,No Impact,No Impact,No Impact,No Impact,No Impact,No Impact,No Impact,No Impact,No Impact,No Impact,Not matriculated,,,,,,,,,,,,,,,,,,,,,,,5,Used to program; curious on comp sci's evolution,Man,Asian,35-64
2026/09/21 12:42:24 PM AST,CMP 128 Computer Science I,No,No,No,Yes,Yes,No,Yes,No,No,No,No,No,No,No,High Impact,High Impact,High Impact,High Impact,High Impact,N/A,High Impact,N/A,N/A,High Impact,N/A,N/A,N/A,N/A,High Impact,High Impact,Yes,Yes,Yes,No,No,No,No,No,No,No,No,Yes,No,No,No,No,High Impact,High Impact,High Impact,High Impact,N/A,High Impact,High Impact,N/A,N/A,N/A,N/A,N/A,N/A,N/A,Computer Science,Yes,Yes,No,No,No,No,No,No,No,No,Yes,Yes,Don't recall,Don't recall,Don't recall,Don't recall,Don't recall,Don't recall,Don't recall,Don't recall,Don't recall,First Choice,,,Man,White/Caucasian,18 and younger
2026/09/21 12:42:37 PM AST,CMP 128 Computer Science I,No,No,No,Yes,No,No,No,Yes,No,No,No,No,No,No,High Impact,High Impact,High Impact,No Impact,Some Impact,No Impact,Some Impact,Some Impact,Some Impact,Some Impact,No Impact,High Impact,No Impact,No Impact,High Impact,No Impact,Yes,No,Yes,Yes,No,No,No,No,No,No,No,No,No,No,No,No,Some Impact,No Impact,No Impact,No Impact,No Impact,High Impact,No Impact,Some Impact,No Impact,Some Impact,No Impact,No Impact,No Impact,No Impact,Computer Science,Yes,Yes,No,Yes,Yes,Yes,Yes,No,Yes,Yes,Yes,Yes,No,No,No,Yes,Yes,No,No,No,No,First Choice,,,Man,Hispanic or Latino,18 and younger
2026/09/21 12:43:58 PM AST,CMP 128 Computer Science I,No,No,No,Yes,No,No,No,Yes,No,No,No,No,No,No,Some Impact,High Impact,High Impact,No Impact,Some Impact,No Impact,Some Impact,No Impact,No Impact,Some Impact,No Impact,No Impact,No Impact,No Impact,High Impact,No Impact,No,No,No,No,No,No,No,No,No,No,Yes,No,No,No,No,No,Some Impact,No Impact,No Impact,No Impact,No Impact,No Impact,No Impact,No Impact,No Impact,Some Impact,No Impact,No Impact,No Impact,No Impact,Computer Science,Yes,Yes,No,No,No,No,No,No,No,No,No,No,Yes,No,Yes,No,Don't recall,No,No,No,No,First Choice,,,Man,White/Caucasian,18 and younger
2026/09/21 12:45:45 PM AST,CMP 128 Computer Science I,Don't recall,No,No,Yes,Yes,No,No,No,No,No,No,No,No,Yes,N/A,N/A,Some Impact,Some Impact,Some Impact,N/A,N/A,N/A,N/A,High Impact,N/A,Some Impact,High Impact,N/A,High Impact,High Impact,No,No,No,No,No,No,No,No,No,No,No,No,No,No,No,No,N/A,N/A,N/A,N/A,N/A,N/A,N/A,N/A,N/A,N/A,N/A,N/A,N/A,N/A,Information Technology,Yes,Yes,No,Yes,Yes,Yes,Yes,Yes,Yes,Yes,Yes,Yes,Don't recall,Don't recall,Don't recall,Don't recall,Don't recall,Don't recall,Don't recall,Don't recall,Don't recall,First Choice,,,Man,White/Caucasian,25-34
2026/09/21 12:47:35 PM AST,CMP 128 Computer Science I,No,No,Yes,Yes,Yes,Yes,Yes,Yes,Yes,No,No,No,No,No,Some Impact,High Impact,High Impact,Some Impact,High Impact,High Impact,High Impact,No Impact,No Impact,Some Impact,No Impact,Some Impact,No Impact,No Impact,High Impact,No Impact,Yes,Yes,Yes,Yes,Yes,Yes,Yes,Yes,Yes,Yes,Yes,Yes,Yes,Yes,Yes,Yes,High Impact,High Impact,High Impact,High Impact,High Impact,High Impact,High Impact,High Impact,High Impact,High Impact,High Impact,High Impact,High Impact,High Impact,mechanical Engineering,,,,,,,,,,,,,,,,,,,,,,,2,I am not good at it,Man,Asian;Multi-Racial,19-20
2026/09/21 12:50:05 PM AST,CMP 128 Computer Science I,Yes,No,No,No,No,No,No,No,No,No,No,No,No,No,High Impact,High Impact,Some Impact,No Impact,No Impact,No Impact,High Impact,Some Impact,No Impact,No Impact,Some Impact,No Impact,No Impact,No Impact,High Impact,No Impact,No,No,No,No,No,No,No,No,No,No,No,No,No,No,No,No,No Impact,No Impact,High Impact,No Impact,No Impact,No Impact,No Impact,No Impact,No Impact,No Impact,No Impact,High Impact,High Impact,No Impact,Computer Science,Yes,Yes,No,Yes,No,Yes,No,No,No,No,Yes,Yes,No,No,No,Don't recall,Yes,No,No,No,No,First Choice,,,Man,Hispanic or Latino;White/Caucasian,25-34
2026/09/21 12:58:09 PM AST,CMP 128 Computer Science I,No,No,No,No,No,No,No,No,No,No,No,No,No,Yes,No Impact,High Impact,No Impact,No Impact,No Impact,No Impact,No Impact,No Impact,No Impact,No Impact,No Impact,No Impact,No Impact,No Impact,No Impact,No Impact,No,No,No,No,No,No,No,No,No,No,No,No,No,No,No,No,No Impact,No Impact,No Impact,No Impact,No Impact,No Impact,No Impact,No Impact,No Impact,No Impact,No Impact,No Impact,No Impact,No Impact,Engineering,,,,,,,,,,,,,,,,,,,,,,,2,Its not particularly relevant to my degree,Woman,Hispanic or Latino,25-34
2026/09/21 1:04:30 PM AST,CMP 128 Computer Science I,Yes,Yes,Yes,No,Yes,Yes,Don't recall,Yes,Yes,Don't recall,Yes,Yes,Yes,Don't recall,No Impact,High Impact,High Impact,High Impact,High Impact,High Impact,High Impact,High Impact,High Impact,High Impact,High Impact,High Impact,High Impact,High Impact,High Impact,High Impact,Yes,Yes,Yes,Yes,Yes,Yes,Yes,Yes,Yes,Yes,Yes,Yes,Yes,Yes,Yes,Yes,No Impact,No Impact,No Impact,No Impact,No Impact,No Impact,No Impact,No Impact,No Impact,No Impact,No Impact,No Impact,No Impact,No Impact,Computer Science,Yes,Yes,Yes,Yes,Yes,Yes,Yes,Yes,Yes,Yes,Yes,Yes,Yes,Yes,Yes,Yes,Yes,Yes,Yes,Yes,Yes,Science,,,Woman,Hispanic or Latino,18 and younger
2026/09/21 1:09:54 PM AST,CMP 128 Computer Science I,No,No,No,Yes,No,No,Yes,Yes,No,No,No,No,No,No,No Impact,No Impact,No Impact,No Impact,No Impact,No Impact,No Impact,No Impact,No Impact,No Impact,No Impact,No Impact,No Impact,No Impact,No Impact,No Impact,No,No,No,No,No,No,No,No,No,No,No,No,No,No,No,No,No Impact,No Impact,No Impact,No Impact,No Impact,No Impact,No Impact,No Impact,No Impact,No Impact,No Impact,No Impact,No Impact,No Impact,Business,,,,,,,,,,,,,,,,,,,,,,,2,I have never been into computing but I know it is a good skill to have so I took this class to have my foot in the door,Man,Hispanic or Latino,19-20
2026/09/21 3:33:59 PM AST,CMP 128 Computer Science I,Yes,No,No,No,No,No,Yes,Yes,No,No,No,No,No,No,High Impact,High Impact,Some Impact,Some Impact,No Impact,No Impact,Some Impact,Some Impact,Some Impact,Some Impact,No Impact,High Impact,High Impact,No Impact,High Impact,High Impact,No,Not Sure,Yes,No,No,No,Yes,No,No,Yes,No,No,No,No,No,No,High Impact,No Impact,No Impact,No Impact,No Impact,No Impact,No Impact,Some Impact,No Impact,High Impact,No Impact,No Impact,No Impact,No Impact,Undecided,,,,,,,,,,,,,,,,,,,,,,,4,I think this class covers many interesting topics I did not know about before.,Woman,Hispanic or Latino,19-20
2026/09/21 3:35:53 PM AST,CMP 128 Computer Science I,Don't recall,No,No,Yes,No,Yes,No,Don't recall,No,No,No,No,No,Don't recall,High Impact,Some Impact,High Impact,Some Impact,Some Impact,Some Impact,Some Impact,N/A,N/A,Some Impact,Some Impact,N/A,Some Impact,N/A,High Impact,N/A,No,No,No,Not Sure,No,No,No,No,No,No,No,Yes,No,No,Not Sure,No,Some Impact,No Impact,High Impact,No Impact,No Impact,High Impact,No Impact,No Impact,No Impact,No Impact,No Impact,No Impact,No Impact,High Impact,Electrical Engineering,,,,,,,,,,,,,,,,,,,,,,,3,"I don't plan on taking another, since this class is required for my degree program.",Non-binary,White/Caucasian,19-20
2026/09/21 3:36:27 PM AST,CMP 128 Computer Science I,Yes,Yes,Yes,Yes,Yes,Yes,Yes,Yes,Don't recall,Don't recall,Don't recall,No,No,Yes,High Impact,High Impact,Some Impact,Some Impact,Some Impact,Some Impact,Some Impact,Some Impact,Some Impact,Some Impact,Some Impact,Some Impact,Some Impact,Some Impact,Some Impact,Some Impact,No,No,No,No,No,No,No,No,No,No,No,No,No,No,Yes,No,No Impact,No Impact,No Impact,No Impact,No Impact,No Impact,No Impact,High Impact,High Impact,High Impact,No Impact,High Impact,No Impact,No Impact,Liberal Arts,,,,,,,,,,,,,,,,,,,,,,,3,It is more an outside interest rather than something I want to do for my life,Woman,Hispanic or Latino,19-20
2026/09/21 3:36:36 PM AST,CMP 128 Computer Science I,Yes,No,No,Yes,Yes,No,No,No,No,No,No,No,No,No,Some Impact,High Impact,No Impact,No Impact,High Impact,No Impact,No Impact,No Impact,No Impact,Some Impact,No Impact,No Impact,No Impact,No Impact,High Impact,No Impact,Yes,No,No,No,No,No,No,No,No,No,No,No,No,No,No,No,No Impact,No Impact,No Impact,No Impact,No Impact,No Impact,No Impact,No Impact,No Impact,No Impact,No Impact,Some Impact,No Impact,No Impact,Computer Science,Yes,Yes,No,No,No,No,No,No,No,No,No,No,No,No,No,No,No,No,No,No,No,Engineering,,,Man,White/Caucasian,19-20
2026/09/21 3:37:12 PM AST,CMP 128 Computer Science I,No,No,No,Yes,No,Yes,Don't recall,Yes,No,No,Don't recall,No,No,No,High Impact,Some Impact,No Impact,High Impact,High Impact,No Impact,Some Impact,No Impact,No Impact,No Impact,Some Impact,No Impact,No Impact,No Impact,High Impact,No Impact,No,No,No,No,No,No,No,No,No,No,No,No,No,No,No,No,Some Impact,Some Impact,No Impact,No Impact,No Impact,No Impact,No Impact,High Impact,No Impact,High Impact,Some Impact,No Impact,No Impact,High Impact,Business Administration,,,,,,,,,,,,,,,,,,,,,,,3,I don't have an answer yet as I need to see and learn more to determine if I want to pursue more computing-related classes.,Man,White/Caucasian,21-24
2026/09/21 3:37:13 PM AST,CMP 128 Computer Science I,No,Yes,Yes,Yes,No,No,Yes,Yes,No,No,No,No,No,Yes,N/A,High Impact,High Impact,N/A,Some Impact,N/A,High Impact,N/A,High Impact,High Impact,No Impact,N/A,N/A,N/A,High Impact,High Impact,Not Sure,Not Sure,Not Sure,Not Sure,Not Sure,Not Sure,Not Sure,Not Sure,Not Sure,Yes,Not Sure,Not Sure,Not Sure,Not Sure,Yes,Not Sure,Some Impact,N/A,No Impact,No Impact,N/A,N/A,N/A,Some Impact,N/A,Some Impact,N/A,N/A,N/A,N/A,Undecided,,,,,,,,,,,,,,,,,,,,,,,3,"It's certainly interesting, I just am unsure as to if this is the field I would like to go into for the remainder of my career.",Non-binary,Hispanic or Latino;White/Caucasian,18 and younger
2026/09/21 3:39:19 PM AST,CMP 128 Computer Science I,Yes,Yes,No,Yes,No,No,No,Yes,No,No,Yes,No,No,No,High Impact,Some Impact,Some Impact,Some Impact,High Impact,No Impact,Some Impact,No Impact,No Impact,Some Impact,Some Impact,No Impact,No Impact,No Impact,High Impact,No Impact,Yes,No,No,Yes,No,No,No,No,No,Yes,No,No,No,No,No,No,High Impact,No Impact,No Impact,No Impact,No Impact,No Impact,No Impact,Some Impact,No Impact,No Impact,No Impact,No Impact,Some Impact,No Impact,Computer Science,Yes,Yes,No,Yes,No,No,No,No,Yes,No,Yes,Yes,Yes,No,No,Yes,No,No,No,No,No,First Choice,,,Man,White/Caucasian,18 and younger
2026/09/21 3:39:34 PM AST,CMP 128 Computer Science I,Don't recall,No,Yes,Don't recall,No,No,Don't recall,Yes,No,No,Don't recall,No,No,Yes,High Impact,High Impact,Some Impact,Some Impact,No Impact,No Impact,Some Impact,No Impact,High Impact,No Impact,No Impact,Some Impact,N/A,No Impact,Some Impact,Some Impact,Yes,No,No,No,No,No,No,No,No,Yes,No,Yes,No,No,No,No,Some Impact,No Impact,Some Impact,Some Impact,N/A,N/A,N/A,N/A,N/A,High Impact,N/A,N/A,N/A,Some Impact,Computer Science,Yes,No,No,Yes,Yes,Yes,Yes,No,Yes,No,Yes,Yes,Don't recall,Don't recall,No,Yes,Don't recall,No,No,No,Yes,First Choice,,,Man,Choose not to reply,18 and younger
2026/09/21 3:40:08 PM AST,CMP 128 Computer Science I,No,No,No,Yes,Yes,Yes,No,No,No,No,No,No,No,No,High Impact,High Impact,Some Impact,No Impact,High Impact,Some Impact,High Impact,High Impact,No Impact,Some Impact,No Impact,No Impact,No Impact,N/A,High Impact,No Impact,No,Not Sure,No,No,No,No,No,No,No,Not Sure,No,No,No,No,No,No,Some Impact,N/A,N/A,N/A,N/A,N/A,N/A,High Impact,High Impact,N/A,N/A,N/A,N/A,N/A,Computer Science,Yes,Yes,No,No,No,No,No,No,No,No,No,Yes,No,No,No,No,No,No,No,No,Yes,First Choice,,,Man,White/Caucasian,19-20
2026/09/21 3:40:46 PM AST,CMP 128 Computer Science I,Don't recall,Don't recall,Don't recall,Don't recall,Don't recall,Don't recall,Don't recall,Yes,Don't recall,Don't recall,Don't recall,Don't recall,Don't recall,Don't recall,High Impact,High Impact,N/A,N/A,N/A,N/A,N/A,N/A,N/A,N/A,N/A,N/A,N/A,N/A,N/A,N/A,Yes,No,Yes,No,No,No,No,No,No,Yes,No,No,No,No,No,No,No Impact,No Impact,No Impact,No Impact,No Impact,No Impact,No Impact,No Impact,No Impact,No Impact,No Impact,No Impact,No Impact,High Impact,Mechanical Engineering,,,,,,,,,,,,,,,,,,,,,,,2,Only taking the class because its a required course,Man,White/Caucasian,19-20
2026/09/21 3:53:13 PM AST,CMP 128 Computer Science I,Don't recall,No,No,Yes,Yes,No,No,No,No,No,No,No,No,No,High Impact,High Impact,High Impact,No Impact,Some Impact,No Impact,Some Impact,Some Impact,Some Impact,High Impact,No Impact,No Impact,No Impact,No Impact,High Impact,No Impact,Yes,No,Yes,No,No,Not Sure,Yes,No,No,Not Sure,Yes,Yes,No,No,No,No,High Impact,No Impact,Some Impact,No Impact,No Impact,N/A,N/A,Some Impact,N/A,Some Impact,N/A,Some Impact,Some Impact,No Impact,biology,,,,,,,,,,,,,,,,,,,,,,,5,"I enjoyed the building blocks of scratch and Code.org in Middle school which led to development into Java, JavaScript, and python in High school and now more languages/practice in college. It is arguably one of the most important growing fields and after working with professionals who struggle using a computer, I figured my computer literacy and interest should be expanded for not only to being more competent in my field and in general. Biochemistry especially is reliant on simulations and computational algorithms or recording data of research finding common patterns/frequencies.",Man,Choose not to reply,21-24
2026/09/21 3:54:15 PM AST,CMP 128 Computer Science I,No,No,Yes,No,No,No,Yes,Yes,No,No,Yes,No,No,Yes,High Impact,Some Impact,Some Impact,No Impact,No Impact,No Impact,Some Impact,High Impact,No Impact,Some Impact,Some Impact,N/A,No Impact,N/A,High Impact,Some Impact,No,No,No,No,No,No,No,No,No,No,No,No,No,No,No,No,Some Impact,Some Impact,No Impact,No Impact,Some Impact,No Impact,No Impact,Some Impact,Some Impact,Some Impact,No Impact,No Impact,No Impact,High Impact,Digital Media Technology,Yes,Yes,No,Yes,Yes,Yes,Yes,Yes,Yes,Yes,Yes,Yes,No,No,No,Yes,Yes,No,No,No,Yes,First Choice,,,Man,Asian,19-20
2026/09/21 5:57:57 PM AST,CMP 128 Computer Science I,No,No,No,No,No,No,No,No,No,No,No,No,No,No,N/A,High Impact,High Impact,High Impact,N/A,N/A,N/A,N/A,N/A,N/A,N/A,N/A,N/A,N/A,N/A,N/A,No,No,No,No,No,No,No,No,No,No,No,No,No,No,No,No,N/A,N/A,N/A,N/A,N/A,N/A,N/A,N/A,N/A,N/A,N/A,N/A,N/A,N/A,Information Technology,No,No,No,No,No,Yes,No,No,No,No,No,No,No,No,Yes,Yes,Yes,No,No,No,No,First Choice,,,Man,Black/African American,35-64
2026/09/21 6:02:49 PM AST,CMP 128 Computer Science I,Don't recall,Don't recall,Don't recall,Don't recall,Don't recall,Don't recall,Don't recall,Don't recall,Don't recall,Don't recall,Don't recall,Don't recall,Don't recall,Don't recall,N/A,N/A,N/A,N/A,N/A,N/A,N/A,N/A,N/A,N/A,N/A,N/A,N/A,N/A,N/A,N/A,Not Sure,Not Sure,Not Sure,Not Sure,Not Sure,Not Sure,Not Sure,Not Sure,Not Sure,Not Sure,Not Sure,Not Sure,Not Sure,Not Sure,Not Sure,Not Sure,N/A,N/A,N/A,N/A,N/A,N/A,N/A,N/A,N/A,N/A,N/A,N/A,N/A,N/A,Information Security Certificate of Achievement,No,No,No,No,No,No,No,No,No,No,No,No,Don't recall,Don't recall,Don't recall,Don't recall,Don't recall,Don't recall,Don't recall,Don't recall,Don't recall,Science,,,Woman,White/Caucasian,35-64
2026/09/21 7:47:48 PM AST,CMP 128 Computer Science I,No,No,No,Yes,No,No,No,No,No,No,No,No,No,No,High Impact,High Impact,High Impact,High Impact,No Impact,No Impact,High Impact,High Impact,No Impact,High Impact,No Impact,High Impact,Some Impact,No Impact,High Impact,No Impact,No,No,No,Yes,No,No,No,No,No,No,No,No,No,No,No,No,No Impact,No Impact,No Impact,No Impact,No Impact,No Impact,No Impact,High Impact,High Impact,No Impact,No Impact,No Impact,No Impact,No Impact,Information Technology,No,Yes,No,No,Yes,Yes,Yes,Yes,No,Yes,Yes,Yes,No,No,No,Yes,No,No,No,No,No,Science,,,Man,Hispanic or Latino,21-24
2026/09/22 6:43:42 PM AST,CMP 120 Foundations of Information Security,No,No,No,Yes,Yes,No,Yes,Yes,No,No,No,No,No,No,Some Impact,Some Impact,Some Impact,Some Impact,No Impact,No Impact,Some Impact,Some Impact,Some Impact,No Impact,Some Impact,Some Impact,No Impact,No Impact,Some Impact,No Impact,No,No,No,No,No,No,No,No,No,No,No,No,No,No,No,No,Some Impact,Some Impact,No Impact,Some Impact,Some Impact,Some Impact,Some Impact,Some Impact,No Impact,No Impact,No Impact,Some Impact,No Impact,No Impact,Data Analytics Certificate of Achievement,Yes,Yes,No,Yes,No,Yes,No,No,Yes,No,Yes,Yes,Yes,No,Yes,No,Yes,No,No,No,No,Animation,,,Man,White/Caucasian,19-20
2026/09/22 6:44:22 PM AST,CMP 120 Foundations of Information Security,Yes,No,No,No,No,No,No,No,No,No,No,No,No,No,High Impact,High Impact,Some Impact,No Impact,No Impact,No Impact,No Impact,High Impact,No Impact,No Impact,No Impact,No Impact,No Impact,No Impact,No Impact,No Impact,Not Sure,Not Sure,Not Sure,Not Sure,Not Sure,Not Sure,Not Sure,Not Sure,Not Sure,Not Sure,Not Sure,Not Sure,Not Sure,Not Sure,Not Sure,Not Sure,High Impact,N/A,N/A,N/A,N/A,High Impact,N/A,N/A,N/A,N/A,N/A,N/A,N/A,N/A,Information Security Certificate of Achievement,No,No,No,No,No,No,No,No,No,No,No,No,Don't recall,Don't recall,Don't recall,Don't recall,Don't recall,Don't recall,Don't recall,Don't recall,Don't recall,Engineering,,,Man,Hispanic or Latino;American Indian/Native American/Alaska Native,19-20
2026/09/22 6:44:24 PM AST,CMP 120 Foundations of Information Security,Yes,Yes,Yes,Yes,Don't recall,Don't recall,No,Yes,No,No,Yes,Yes,Yes,Yes,High Impact,High Impact,High Impact,High Impact,High Impact,High Impact,High Impact,High Impact,High Impact,High Impact,High Impact,High Impact,High Impact,High Impact,N/A,N/A,Yes,No,No,No,No,No,No,No,No,No,Yes,Yes,Yes,No,Yes,No,High Impact,Some Impact,Some Impact,N/A,N/A,Some Impact,Some Impact,Some Impact,Some Impact,Some Impact,Some Impact,Some Impact,N/A,N/A,information security hospitality history landscape certificates ,,,,,,,,,,,,,,,,,,,,,,,5,its fun learning about computers and its great to have for the future of technology and i love using the internet alot and learning about computers and the internet and security by passwords and emails ,Man,White/Caucasian,25-34
2026/09/22 6:44:54 PM AST,CMP 120 Foundations of Information Security,Yes,Yes,No,Yes,Yes,Don't recall,No,No,No,No,No,No,No,No,Some Impact,High Impact,Some Impact,Some Impact,Some Impact,Some Impact,Some Impact,Some Impact,Some Impact,High Impact,Some Impact,Some Impact,Some Impact,Some Impact,Some Impact,Some Impact,No,No,No,No,No,No,No,No,No,No,No,No,No,No,No,No,No Impact,No Impact,No Impact,No Impact,No Impact,No Impact,No Impact,High Impact,High Impact,Some Impact,No Impact,Some Impact,Some Impact,N/A,Computer Science,Yes,Yes,No,Yes,No,Yes,No,No,No,No,No,Yes,No,No,No,No,No,No,No,No,No,Science,,,Man,Hispanic or Latino;White/Caucasian,19-20
2026/09/22 6:47:00 PM AST,CMP 120 Foundations of Information Security,No,No,No,Yes,Yes,No,Don't recall,Don't recall,No,No,No,No,No,Don't recall,High Impact,High Impact,Some Impact,Some Impact,No Impact,No Impact,Some Impact,High Impact,No Impact,No Impact,No Impact,No Impact,No Impact,No Impact,High Impact,No Impact,Yes,No,No,No,No,No,No,No,No,No,No,No,No,No,No,No,High Impact,No Impact,No Impact,No Impact,No Impact,Some Impact,No Impact,Some Impact,No Impact,No Impact,No Impact,No Impact,No Impact,No Impact,Computer Science,Yes,Yes,No,No,No,Yes,No,No,No,No,Yes,Yes,No,No,No,No,No,No,No,No,No,First Choice,,,Man,Hispanic or Latino;White/Caucasian,18 and younger
2026/09/22 6:48:47 PM AST,CMP 120 Foundations of Information Security,No,No,Yes,No,No,No,No,No,No,No,No,No,No,Yes,High Impact,High Impact,No Impact,No Impact,No Impact,No Impact,No Impact,High Impact,No Impact,No Impact,No Impact,No Impact,No Impact,No Impact,High Impact,High Impact,No,No,Yes,No,No,No,No,No,Yes,Yes,Yes,No,No,No,No,No,High Impact,N/A,N/A,N/A,N/A,N/A,N/A,High Impact,N/A,High Impact,N/A,N/A,High Impact,High Impact,Information Technology,Yes,Yes,No,Yes,Yes,Yes,No,No,Yes,Yes,Yes,Yes,Yes,Yes,Yes,Yes,Yes,Yes,No,No,No,First Choice,,,Woman,Hispanic or Latino,19-20
2026/09/22 6:54:01 PM AST,CMP 120 Foundations of Information Security,Yes,Don't recall,Don't recall,Don't recall,Don't recall,Don't recall,Don't recall,Don't recall,Don't recall,Don't recall,Don't recall,Don't recall,Don't recall,Don't recall,No Impact,No Impact,No Impact,No Impact,No Impact,No Impact,No Impact,No Impact,No Impact,No Impact,No Impact,No Impact,No Impact,No Impact,No Impact,No Impact,Not Sure,Not Sure,Not Sure,Not Sure,Not Sure,Not Sure,Not Sure,Not Sure,Not Sure,Not Sure,Not Sure,Not Sure,Not Sure,Not Sure,Not Sure,Not Sure,No Impact,No Impact,No Impact,No Impact,No Impact,No Impact,No Impact,No Impact,No Impact,No Impact,No Impact,No Impact,No Impact,No Impact,Information Technology,Yes,No,No,Yes,No,Yes,Yes,No,Yes,No,Yes,Yes,No,No,No,No,No,No,No,No,No,Business,,,Man,Hispanic or Latino,21-24
2026/09/22 7:05:58 PM AST,CMP 120 Foundations of Information Security,Yes,No,No,Yes,Yes,Yes,No,No,Yes,No,No,No,No,Yes,N/A,High Impact,High Impact,High Impact,High Impact,High Impact,High Impact,N/A,N/A,N/A,N/A,N/A,N/A,N/A,High Impact,N/A,Yes,No,No,No,No,No,No,No,Not Sure,No,No,No,No,No,No,No,N/A,N/A,N/A,N/A,N/A,N/A,N/A,Some Impact,N/A,N/A,N/A,High Impact,High Impact,High Impact,Computer Science,No,Yes,No,Yes,No,No,Yes,No,No,No,No,Yes,No,No,Yes,Yes,Yes,No,No,No,Yes,Engineering,,,Man,Hispanic or Latino,35-64
2026/09/22 9:16:16 PM AST,CMP 131 Fundamentals of Programming (Python),No,No,No,No,Yes,No,Yes,No,No,No,No,No,No,No,High Impact,High Impact,High Impact,High Impact,No Impact,No Impact,No Impact,High Impact,No Impact,Some Impact,No Impact,High Impact,No Impact,No Impact,High Impact,No Impact,No,No,No,No,No,No,No,No,No,No,No,No,No,No,No,No,No Impact,No Impact,No Impact,No Impact,No Impact,No Impact,No Impact,No Impact,No Impact,No Impact,No Impact,High Impact,No Impact,No Impact,"Technical Studies, Applied Associate of Science",Yes,Yes,Yes,Yes,Yes,Yes,Yes,Yes,Yes,Yes,No,No,No,No,No,No,No,No,No,No,No,I am doing both engineering and in the process of doing a computing certificate ,,,Woman,Multi-Racial,21-24
2026/09/23 9:53:14 AM AST,CMP 120 Foundations of Information Security,Yes,No,Yes,Yes,Yes,Yes,Yes,Yes,No,No,No,No,No,No,High Impact,High Impact,Some Impact,No Impact,No Impact,No Impact,High Impact,High Impact,Some Impact,No Impact,Some Impact,N/A,N/A,N/A,High Impact,No Impact,Yes,No,No,No,No,No,No,No,No,No,No,No,No,No,No,No,No Impact,No Impact,N/A,N/A,N/A,N/A,N/A,Some Impact,Some Impact,No Impact,No Impact,No Impact,Some Impact,No Impact,Information Technology,Yes,Yes,No,No,No,No,No,No,Yes,Yes,Yes,Yes,No,No,Yes,No,Yes,No,No,No,No,education ,,,Woman,White/Caucasian,21-24
2026/09/23 4:59:47 PM AST,CMP 128 Computer Science I,No,No,No,Yes,Yes,Yes,Yes,Yes,No,No,No,No,No,No,High Impact,High Impact,No Impact,No Impact,High Impact,No Impact,Some Impact,High Impact,High Impact,No Impact,No Impact,No Impact,No Impact,High Impact,High Impact,No Impact,No,No,No,No,No,Yes,No,No,No,No,No,Yes,No,No,Yes,No,No Impact,No Impact,No Impact,No Impact,No Impact,No Impact,No Impact,No Impact,No Impact,No Impact,No Impact,No Impact,No Impact,High Impact,Nursing,,,,,,,,,,,,,,,,,,,,,,,1,I'm not interested in coding past what I need to know. ,Woman,White/Caucasian,19-20
2026/09/23 5:08:50 PM AST,CMP 128 Computer Science I,Yes,No,No,Yes,Yes,No,No,Don't recall,No,Yes,No,No,No,No,High Impact,High Impact,N/A,No Impact,No Impact,N/A,High Impact,N/A,N/A,High Impact,High Impact,High Impact,N/A,N/A,High Impact,N/A,No,Yes,Not Sure,No,No,No,No,No,Not Sure,Not Sure,Not Sure,Not Sure,Not Sure,Not Sure,Not Sure,Not Sure,N/A,N/A,N/A,N/A,N/A,N/A,N/A,Some Impact,Some Impact,N/A,High Impact,N/A,High Impact,N/A,Information Technology,Yes,Yes,No,Yes,Yes,Yes,Yes,Yes,Yes,Yes,Yes,Yes,No,No,Yes,Yes,No,Yes,Don't recall,Don't recall,Don't recall,nursing,,,Woman,Hispanic or Latino,35-64
2026/09/23 8:25:18 PM AST,CMP 128 Computer Science I,No,No,Yes,Yes,Yes,No,Yes,No,No,No,No,No,No,No,High Impact,High Impact,High Impact,No Impact,Some Impact,No Impact,Some Impact,Some Impact,Some Impact,High Impact,No Impact,High Impact,No Impact,No Impact,High Impact,No Impact,Yes,No,No,No,No,No,No,No,No,No,Not Sure,Yes,No,No,No,No,Some Impact,No Impact,No Impact,No Impact,No Impact,No Impact,No Impact,Some Impact,No Impact,High Impact,No Impact,High Impact,No Impact,No Impact,Biology,,,,,,,,,,,,,,,,,,,,,,,5,The computing world is incredibly important and to be able to not only understand but improve it and with it.,Man,Choose not to reply,21-24
2026/09/24 10:04:14 AM AST,CMP 131 Fundamentals of Programming (Python),Yes,No,No,Yes,No,Yes,No,No,No,No,No,No,No,No,No Impact,High Impact,High Impact,High Impact,No Impact,No Impact,No Impact,No Impact,No Impact,No Impact,No Impact,No Impact,No Impact,No Impact,No Impact,No Impact,No,No,No,No,No,No,No,No,No,No,No,No,No,No,No,No,No Impact,No Impact,No Impact,No Impact,No Impact,No Impact,No Impact,No Impact,No Impact,No Impact,No Impact,No Impact,No Impact,No Impact,Information Technology,Yes,Yes,No,Yes,No,No,No,No,Yes,No,No,No,No,No,No,No,No,No,No,No,No,First Choice,,,Man,Asian,21-24
2026/09/27 4:03:59 PM AST,CMP 130 Intro to IT,Yes,No,No,No,No,No,No,No,No,No,No,No,No,No,Some Impact,High Impact,High Impact,High Impact,No Impact,No Impact,Some Impact,High Impact,Some Impact,No Impact,No Impact,Some Impact,No Impact,No Impact,No Impact,No Impact,No,No,Yes,No,No,No,No,No,No,No,No,No,No,No,No,No,No Impact,No Impact,No Impact,No Impact,No Impact,No Impact,No Impact,No Impact,No Impact,No Impact,High Impact,No Impact,High Impact,No Impact,Information Technology,Yes,Yes,No,Yes,Yes,Yes,No,No,Yes,Yes,Yes,Yes,No,No,Yes,Yes,No,No,No,No,No,Health Information Management,,,Woman,Black/African American,25-34
2026/09/28 8:20:05 AM AST,CMP 131 Fundamentals of Programming (Python),Yes,No,Yes,Yes,Yes,No,Yes,Yes,No,No,No,No,No,No,N/A,High Impact,Some Impact,Some Impact,No Impact,Some Impact,High Impact,N/A,N/A,Some Impact,No Impact,N/A,N/A,N/A,No Impact,High Impact,No,No,Yes,No,No,No,Yes,No,No,Yes,No,No,No,No,No,No,High Impact,High Impact,High Impact,N/A,N/A,N/A,N/A,High Impact,Some Impact,Some Impact,N/A,N/A,N/A,N/A,Challenger Program,Yes,No,Yes,Yes,No,Yes,No,No,Yes,Yes,No,Yes,Yes,Yes,Yes,Yes,Yes,No,No,No,No,First Choice,,,Woman,White/Caucasian,18 and younger
2026/09/28 8:21:48 AM AST,CMP 120 Foundations of Information Security,Yes,No,Yes,Yes,No,No,Yes,Yes,No,No,Yes,No,No,Don't recall,N/A,No Impact,Some Impact,Some Impact,Some Impact,Some Impact,Some Impact,Some Impact,High Impact,Some Impact,Some Impact,Some Impact,Some Impact,Some Impact,Some Impact,Some Impact,No,No,No,No,No,No,No,No,No,No,No,No,No,No,No,No,High Impact,N/A,Some Impact,N/A,N/A,N/A,N/A,Some Impact,Some Impact,No Impact,Some Impact,N/A,N/A,N/A,ShareTime CSIP Program,Yes,Yes,Yes,Yes,Yes,Yes,No,No,Yes,Yes,Yes,Yes,Yes,No,No,No,No,No,No,No,No,First Choice,,,Man,Asian,18 and younger
2026/09/28 8:23:04 AM AST,CMP 131 Fundamentals of Programming (Python),No,No,No,Yes,No,No,Yes,Yes,No,No,No,No,No,Yes,Some Impact,High Impact,High Impact,Some Impact,High Impact,No Impact,No Impact,No Impact,High Impact,No Impact,High Impact,No Impact,No Impact,No Impact,High Impact,High Impact,Yes,No,Yes,No,No,No,Yes,No,No,No,No,No,No,No,No,No,Some Impact,No Impact,High Impact,Some Impact,No Impact,No Impact,Some Impact,Some Impact,Some Impact,No Impact,No Impact,No Impact,No Impact,No Impact,ShareTime CSIP Program,Yes,Yes,Yes,Yes,No,Yes,No,No,Yes,Yes,Yes,Yes,Yes,Yes,Yes,No,No,No,No,No,Yes,First Choice,,,Man,White/Caucasian,18 and younger
2026/09/28 8:23:33 AM AST,CMP 131 Fundamentals of Programming (Python),Yes,No,No,Yes,No,No,Yes,Yes,No,No,No,No,No,No,High Impact,Some Impact,N/A,N/A,Some Impact,High Impact,N/A,N/A,N/A,No Impact,No Impact,No Impact,No Impact,No Impact,No Impact,Some Impact,No,No,No,No,No,No,No,No,No,No,No,No,No,No,No,No,No Impact,No Impact,No Impact,No Impact,No Impact,No Impact,No Impact,No Impact,No Impact,No Impact,No Impact,No Impact,No Impact,No Impact,Information Technology,No,No,No,Yes,No,No,No,No,No,No,No,Yes,Yes,Yes,Yes,No,No,No,No,No,No,Science,,,Man,Black/African American,18 and younger
2026/09/28 8:24:21 AM AST,CMP 131 Fundamentals of Programming (Python),Yes,Yes,No,Don't recall,Don't recall,Don't recall,Yes,Yes,Yes,No,No,No,No,Don't recall,N/A,No Impact,Some Impact,No Impact,No Impact,Some Impact,High Impact,No Impact,High Impact,High Impact,High Impact,High Impact,N/A,No Impact,High Impact,High Impact,No,No,No,No,No,No,Yes,No,No,Yes,No,No,No,No,No,No,Some Impact,High Impact,High Impact,High Impact,Some Impact,High Impact,Some Impact,High Impact,High Impact,High Impact,High Impact,No Impact,No Impact,No Impact,ShareTime CSIP Program,Yes,Yes,Yes,Yes,No,Yes,No,No,Yes,Yes,Yes,Yes,Yes,No,Yes,Yes,Yes,No,No,No,No,AI/ info security,,,Woman,Asian,18 and younger
2026/09/28 8:24:38 AM AST,CMP 131 Fundamentals of Programming (Python),Yes,Yes,Yes,No,No,No,No,Yes,No,No,No,No,No,No,No Impact,Some Impact,No Impact,No Impact,Some Impact,Some Impact,No Impact,Some Impact,Some Impact,No Impact,No Impact,Some Impact,Some Impact,No Impact,Some Impact,No Impact,Yes,No,Yes,No,No,Yes,Yes,No,Yes,Yes,No,Yes,No,No,No,No,High Impact,Some Impact,Some Impact,Some Impact,Some Impact,High Impact,Some Impact,High Impact,High Impact,Some Impact,Some Impact,Some Impact,No Impact,No Impact,ShareTime CSIP Program,No,No,Yes,No,No,No,No,No,No,No,No,No,Yes,Yes,No,No,No,No,No,No,No,cyber Security,,,Man,Asian,18 and younger
2026/09/28 8:25:19 AM AST,CMP 131 Fundamentals of Programming (Python),Don't recall,Don't recall,Don't recall,Don't recall,Don't recall,Don't recall,Don't recall,Don't recall,Don't recall,Don't recall,Don't recall,Don't recall,Don't recall,Yes,N/A,N/A,Some Impact,N/A,N/A,N/A,N/A,N/A,N/A,N/A,No Impact,N/A,N/A,N/A,N/A,N/A,No,No,No,No,No,No,No,Yes,No,No,No,No,No,No,No,No,No Impact,No Impact,No Impact,No Impact,No Impact,No Impact,No Impact,No Impact,High Impact,No Impact,No Impact,No Impact,No Impact,No Impact,ShareTime CSIP Program,No,No,No,Yes,No,Yes,No,No,Yes,Yes,Yes,Yes,No,No,No,No,No,No,No,No,No,Business,,,Man,Asian,18 and younger
2026/09/28 8:25:43 AM AST,CMP 131 Fundamentals of Programming (Python),No,No,No,Yes,Yes,No,Yes,No,No,No,No,No,No,Yes,No Impact,High Impact,Some Impact,N/A,Some Impact,N/A,Some Impact,N/A,N/A,No Impact,N/A,N/A,N/A,N/A,Some Impact,High Impact,No,Not Sure,Not Sure,No,No,No,Yes,No,No,No,No,No,No,No,No,No,Some Impact,N/A,Some Impact,N/A,N/A,N/A,N/A,Some Impact,Some Impact,N/A,N/A,Some Impact,N/A,N/A,ShareTime CSIP Program,Yes,No,Yes,Yes,No,No,No,No,Yes,No,No,No,No,No,No,No,No,No,No,No,Don't recall,First Choice,,,Man,Multi-Racial,18 and younger
2026/09/28 8:25:52 AM AST,CMP 131 Fundamentals of Programming (Python),No,No,No,Yes,No,No,No,Yes,No,No,No,No,No,No,N/A,N/A,N/A,N/A,No Impact,N/A,N/A,N/A,N/A,N/A,High Impact,Some Impact,N/A,N/A,Some Impact,Some Impact,Yes,No,No,No,No,No,No,No,No,No,No,No,No,No,No,No,No Impact,No Impact,High Impact,No Impact,No Impact,No Impact,No Impact,High Impact,High Impact,No Impact,No Impact,No Impact,No Impact,No Impact,ShareTime CSIP Program,Yes,Yes,Yes,Yes,No,Yes,No,No,Yes,Yes,No,Yes,Yes,Don't recall,Don't recall,Don't recall,Don't recall,Don't recall,Don't recall,Don't recall,Yes,First Choice,,,Man,Black/African American,18 and younger
2026/09/28 8:26:01 AM AST,CMP 131 Fundamentals of Programming (Python),Yes,No,Yes,No,No,No,Yes,Yes,No,No,No,No,No,No,High Impact,High Impact,High Impact,High Impact,No Impact,Some Impact,Some Impact,High Impact,High Impact,No Impact,Some Impact,High Impact,Some Impact,Some Impact,Some Impact,High Impact,No,No,Yes,No,No,No,Yes,No,No,Yes,No,No,No,No,No,No,Some Impact,Some Impact,High Impact,High Impact,High Impact,No Impact,High Impact,No Impact,High Impact,Some Impact,No Impact,No Impact,No Impact,No Impact,ShareTime CSIP Program,Yes,No,Yes,Yes,No,Yes,No,No,Yes,Yes,No,Yes,Yes,Yes,Yes,No,No,No,No,No,No,First Choice,,,Man,Asian,18 and younger
2026/09/28 8:26:10 AM AST,CMP 131 Fundamentals of Programming (Python),No,No,No,Yes,No,No,Don't recall,No,No,No,No,No,No,No,N/A,N/A,High Impact,N/A,Some Impact,Some Impact,N/A,N/A,N/A,N/A,N/A,N/A,N/A,N/A,High Impact,High Impact,No,No,No,No,No,No,Yes,No,No,Yes,No,No,No,No,No,No,Some Impact,N/A,N/A,N/A,N/A,N/A,High Impact,High Impact,N/A,N/A,N/A,N/A,N/A,N/A,ShareTime CSIP Program,Yes,No,Yes,No,No,No,No,No,No,No,No,No,Yes,No,No,No,Yes,No,No,No,No,First Choice,,,Man,Choose not to reply,18 and younger
2026/09/28 8:26:28 AM AST,CMP 131 Fundamentals of Programming (Python),No,No,No,No,No,No,No,Yes,No,No,No,No,No,No,N/A,No Impact,High Impact,High Impact,No Impact,High Impact,High Impact,High Impact,High Impact,High Impact,High Impact,No Impact,No Impact,No Impact,High Impact,High Impact,Yes,No,Yes,Yes,No,No,No,No,No,No,Yes,No,No,No,No,No,High Impact,High Impact,High Impact,High Impact,No Impact,No Impact,No Impact,No Impact,No Impact,High Impact,No Impact,No Impact,No Impact,No Impact,ShareTime CSIP Program,Yes,Yes,Yes,Yes,No,Yes,No,No,No,Yes,No,Yes,Yes,No,No,No,No,No,No,No,No,N/A,,,Man,Asian,18 and younger
2026/09/28 8:26:32 AM AST,CMP 131 Fundamentals of Programming (Python),No,Yes,No,Yes,Yes,No,Yes,Yes,No,No,No,No,No,Yes,N/A,High Impact,Some Impact,Some Impact,No Impact,No Impact,No Impact,Some Impact,No Impact,No Impact,No Impact,No Impact,No Impact,No Impact,Some Impact,High Impact,No,No,No,No,No,No,Not Sure,No,No,Yes,No,No,No,No,No,No,Some Impact,No Impact,No Impact,No Impact,No Impact,No Impact,No Impact,Some Impact,No Impact,No Impact,No Impact,No Impact,No Impact,Some Impact,ShareTime CSIP Program,No,No,Yes,Yes,No,Yes,No,No,No,No,No,Yes,Yes,Don't recall,No,No,No,No,No,No,Don't recall,First Choice,,,Man,Hispanic or Latino,18 and younger
2026/09/28 8:28:27 AM AST,CMP 131 Fundamentals of Programming (Python),No,No,Yes,Yes,Yes,No,Yes,Yes,Yes,No,Yes,Yes,Yes,Yes,N/A,Some Impact,High Impact,No Impact,Some Impact,N/A,No Impact,N/A,N/A,Some Impact,Some Impact,High Impact,N/A,N/A,High Impact,High Impact,No,No,No,No,No,No,Yes,No,No,Yes,Yes,Yes,No,No,No,No,N/A,N/A,N/A,N/A,N/A,N/A,N/A,N/A,N/A,Some Impact,N/A,Some Impact,N/A,No Impact,ShareTime CSIP Program,No,No,Yes,No,No,Yes,No,No,Yes,No,Yes,Yes,Yes,Yes,No,No,No,No,No,No,Yes,electrician academy at mcst denville,,,Man,Multi-Racial,18 and younger
2026/09/28 8:29:52 AM AST,CMP 120 Foundations of Information Security,No,No,Don't recall,Yes,No,Don't recall,No,No,No,No,No,No,No,Don't recall,N/A,No Impact,Some Impact,No Impact,N/A,Some Impact,High Impact,N/A,N/A,No Impact,No Impact,High Impact,No Impact,N/A,High Impact,High Impact,No,No,No,No,No,No,No,No,Not Sure,No,No,Not Sure,No,No,No,No,No Impact,No Impact,Some Impact,No Impact,No Impact,No Impact,No Impact,High Impact,No Impact,No Impact,No Impact,No Impact,No Impact,High Impact,ShareTime CSIP Program,Yes,Yes,Yes,Yes,Yes,Yes,No,No,Yes,Yes,Yes,Yes,No,No,No,No,No,No,No,No,Yes,First Choice,,,Man,White/Caucasian,18 and younger
2026/09/28 10:58:30 AM AST,CMP 128 Computer Science I,No,No,No,No,No,No,No,No,No,No,No,No,No,No,N/A,N/A,N/A,N/A,N/A,N/A,N/A,N/A,N/A,N/A,N/A,N/A,N/A,N/A,N/A,N/A,Not Sure,Not Sure,Not Sure,Not Sure,Not Sure,Not Sure,Not Sure,Not Sure,Not Sure,Not Sure,Not Sure,Not Sure,Not Sure,Not Sure,Not Sure,Not Sure,N/A,N/A,N/A,N/A,N/A,N/A,N/A,N/A,N/A,N/A,N/A,N/A,N/A,N/A,Information Technology,No,No,No,No,No,No,No,No,No,No,No,No,Don't recall,Don't recall,Don't recall,Don't recall,Don't recall,Don't recall,Don't recall,Don't recall,Don't recall,Business,,,Man,Hispanic or Latino,21-24
